"count","from","to","insurance","fromMsrp","toMsrp","pledge","saving","isGiftableCount","isMeltableCount","isGiftedCount","isBuyback","title","accounts"
1,HoverQuad,125a,,30,60,30,0,0,0,0,true,Upgrade - HoverQuad to 125a Standard Edition,Bollide
4,300i,135c,,60,65,5,0,0,0,0,true,Upgrade - 300i to 135c Standard Edition,Bollide;Bollide;Bollide;Bollide
9,Freelancer,350r,,110,125,15,0,0,0,0,true,Upgrade - Freelancer to 350r,Foranid;Foranid;Foranid;Foranid;Beuler;Beuler;Cwb10;Cwb10;Cwb10
11,Nova,350r,,120,125,5,0,0,0,0,true,Upgrade - Nova to 350r,Bollide;Bollide;Bollide;Bollide;Bollide;Bollide;Bollide;Bollide;Bollide;Bollide;Beuler
60,Constellation Andromeda,400i,,240,250,10,0,0,0,0,true,Upgrade - Constellation Andromeda to 400i Standard Edition,Bollide;Bollide;Bollide;Bollide;Bollide;Beuler;Beuler;Beuler;Beuler;Beuler;Beuler;Beuler;Beuler;Beuler;Beuler;Beuler;Beuler;Beuler;Beuler;Beuler;Beuler;Beuler;Beuler;Beuler;Cwb10;Cwb10;Cwb10;Cwb10;Cwb10;Cwb10;Cwb10;Cwb10;Cwb10;Cwb10;Cwb10;Cwb10;Cwb10;Cwb10;Cwb10;Cwb10;Cwb10;Cwb10;Cwb10;Cwb10;Cwb10;Cwb10;Cwb10;Cwb10;Cwb10;Cwb10;Cwb10;Cwb10;Cwb10;Cwb10;Cwb10;Cwb10;Cwb10;Cwb10;Cwb10;Cwb10
11,Scorpius,400i,,240,250,10,0,0,0,0,true,Upgrade - Scorpius to 400i Subscribers Edition,Cwb10;Cwb10;Cwb10;Cwb10;Cwb10;Cwb10;Cwb10;Cwb10;Cwb10;Cwb10;Cwb10
44,Prowler,600i Explorer,,440,475,35,0,0,0,0,true,Upgrade - Prowler to 600i Explorer Standard Edition,Foranid;Foranid;Foranid;Foranid;Foranid;Foranid;Foranid;Foranid;Bollide;Bollide;Bollide;Bollide;Bollide;Bollide;Bollide;Bollide;Bollide;Bollide;Bollide;Beuler;Beuler;Beuler;Beuler;Beuler;Beuler;Beuler;Beuler;Beuler;Beuler;Cwb10;Cwb10;Cwb10;Cwb10;Cwb10;Cwb10;Cwb10;Cwb10;Cwb10;Cwb10;Cwb10;Cwb10;Cwb10;Cwb10;Cwb10
4,Ranger RC,600i Explorer,,35,475,440,0,0,0,0,true,Ship Upgrades - Ranger RC to 600i Explorer Upgrade,Foranid;Foranid;Foranid;Foranid
5,C2 Hercules,600i Explorer,,400,475,75,0,0,0,0,true,Upgrade - C2 Hercules to 600i Explorer Standard Edition,Cwb10;Cwb10;Cwb10;Cwb10;Cwb10
27,Reclaimer,600i Touring,,400,435,35,0,0,0,0,true,Upgrade - Reclaimer to 600i Touring,Foranid;Foranid;Foranid;Foranid;Foranid;Foranid;Foranid;Foranid;Bollide;Bollide;Bollide;Bollide;Bollide;Bollide;Bollide;Bollide;Bollide;Bollide;Bollide;Bollide;Bollide;Bollide;Cwb10;Cwb10;Cwb10;Cwb10;Cwb10
39,C2 Hercules,600i Touring,,400,435,35,0,0,0,0,true,Upgrade - C2 Hercules to 600i Touring Standard Edition,Bollide;Bollide;Bollide;Bollide;Bollide;Bollide;Bollide;Bollide;Bollide;Bollide;Bollide;Bollide;Bollide;Bollide;Bollide;Bollide;Bollide;Bollide;Bollide;Bollide;Bollide;Bollide;Bollide;Bollide;Bollide;Bollide;Bollide;Bollide;Cwb10;Cwb10;Cwb10;Cwb10;Cwb10;Cwb10;Cwb10;Cwb10;Cwb10;Cwb10;Cwb10
5,Genesis,600i Touring,,400,435,35,0,0,0,0,true,Upgrade - Genesis to 600i Touring,Bollide;Bollide;Bollide;Bollide;Bollide
5,Valkyrie,600i Touring,,375,435,60,0,0,0,0,true,Upgrade - Valkyrie to 600i Touring Subscribers Edition,Bollide;Bollide;Bollide;Bollide;Bollide
103,Prospector,A1 Spirit,,155,175,20,0,0,0,0,true,Upgrade - Prospector to A1 Spirit  Standard Edition,Cwb10;Cwb10;Cwb10;Cwb10;Cwb10;Cwb10;Cwb10;Cwb10;Cwb10;Cwb10;Cwb10;Cwb10;Cwb10;Cwb10;Cwb10;Cwb10;Cwb10;Cwb10;Cwb10;Cwb10;Cwb10;Cwb10;Cwb10;Cwb10;Cwb10;Cwb10;Cwb10;Cwb10;Cwb10;Cwb10;Cwb10;Cwb10;Cwb10;Cwb10;Cwb10;Cwb10;Cwb10;Cwb10;Cwb10;Cwb10;Cwb10;Cwb10;Cwb10;Cwb10;Cwb10;Cwb10;Cwb10;Cwb10;Cwb10;Cwb10;Cwb10;Cwb10;Cwb10;Cwb10;Cwb10;Cwb10;Cwb10;Cwb10;Cwb10;Cwb10;Cwb10;Cwb10;Cwb10;Cwb10;Cwb10;Cwb10;Cwb10;Cwb10;Cwb10;Cwb10;Cwb10;Cwb10;Cwb10;Cwb10;Cwb10;Cwb10;Cwb10;Cwb10;Cwb10;Cwb10;Cwb10;Cwb10;Cwb10;Cwb10;Cwb10;Cwb10;Cwb10;Cwb10;Cwb10;Cwb10;Cwb10;Cwb10;Cwb10;Cwb10;Cwb10;Cwb10;Cwb10;Cwb10;Cwb10;Cwb10;Cwb10;Cwb10;Cwb10
33,Perseus,A2 Hercules,,675,750,75,0,0,0,0,true,Upgrade - RSI Perseus to A2 Hercules,Foranid;Foranid;Foranid;Foranid;Foranid;Bollide;Bollide;Bollide;Bollide;Bollide;Bollide;Bollide;Bollide;Bollide;Bollide;Bollide;Bollide;Bollide;Bollide;Beuler;Beuler;Beuler;Beuler;Beuler;Beuler;Beuler;Beuler;Beuler;Beuler;Beuler;Beuler;Beuler;Beuler
16,Carrack,A2 Hercules,,600,750,150,0,0,0,0,true,Upgrade - Carrack to A2 Hercules,Foranid;Foranid;Foranid;Foranid;Bollide;Bollide;Bollide;Bollide;Bollide;Bollide;Bollide;Bollide;Beuler;Beuler;Beuler;Beuler
10,Merchantman,A2 Hercules,,650,750,100,0,0,0,0,true,Upgrade - Merchantman to A2 Hercules Standard Edition,Bollide;Beuler;Beuler;Beuler;Beuler;Cwb10;Cwb10;Cwb10;Cwb10;Cwb10
30,Hammerhead,A2 Hercules,,725,750,25,0,0,0,0,true,Upgrade - Hammerhead to A2 Hercules Standard Edition,Bollide;Bollide;Bollide;Bollide;Bollide;Beuler;Beuler;Beuler;Beuler;Beuler;Beuler;Beuler;Beuler;Beuler;Beuler;Beuler;Beuler;Beuler;Beuler;Beuler;Beuler;Beuler;Beuler;Beuler;Cwb10;Cwb10;Cwb10;Cwb10;Cwb10;Cwb10
5,Carrack Expedition w/C8X,A2 Hercules,,645,750,105,0,0,0,0,true,Upgrade - Carrack Expedition w/C8X to A2 Hercules,Bollide;Bollide;Bollide;Bollide;Bollide
5,Odyssey,A2 Hercules,,700,750,50,0,0,0,0,true,Upgrade - Odyssey to A2 Hercules Standard Edition,Beuler;Beuler;Beuler;Beuler;Beuler
6,Mercury,Apollo Medivac,,260,275,15,0,0,0,0,true,Upgrade - Mercury to Apollo Medivac Standard Edition,Bollide;Cwb10;Cwb10;Cwb10;Cwb10;Cwb10
7,Ares Inferno,Apollo Medivac,,250,275,25,0,0,0,0,true,Upgrade - Ares Inferno  to Apollo Medivac Standard Edition,Cwb10;Cwb10;Cwb10;Cwb10;Cwb10;Cwb10;Cwb10
12,Vanguard Warden,Apollo Medivac,,260,275,15,0,0,0,0,true,Upgrade - Vanguard Warden to Apollo Medivac Standard Edition,Cwb10;Cwb10;Cwb10;Cwb10;Cwb10;Cwb10;Cwb10;Cwb10;Cwb10;Cwb10;Cwb10;Cwb10
62,Constellation Andromeda,Apollo Triage,,240,250,10,0,0,0,0,true,Upgrade - Constellation Andromeda to Apollo Triage Standard Edition,Bollide;Bollide;Bollide;Bollide;Bollide;Bollide;Bollide;Bollide;Bollide;Bollide;Bollide;Bollide;Bollide;Bollide;Bollide;Bollide;Bollide;Bollide;Bollide;Bollide;Bollide;Bollide;Bollide;Bollide;Bollide;Bollide;Bollide;Bollide;Bollide;Bollide;Beuler;Beuler;Beuler;Beuler;Beuler;Beuler;Beuler;Beuler;Beuler;Beuler;Beuler;Beuler;Beuler;Beuler;Beuler;Cwb10;Cwb10;Cwb10;Cwb10;Cwb10;Cwb10;Cwb10;Cwb10;Cwb10;Cwb10;Cwb10;Cwb10;Cwb10;Cwb10;Cwb10;Cwb10;Cwb10
1,Nomad,Apollo Triage,,80,250,170,0,0,0,0,true,Upgrade - CNOU Nomad to Apollo Triage Standard Edition,Bollide
1,Vanguard Hoplite,Apollo Triage,,235,250,15,0,0,0,0,true,Upgrade - Vanguard Hoplite to Apollo Triage Standard Edition,Bollide
10,Hurricane,Ares Inferno,,195,250,55,0,0,0,0,true,Upgrade - Hurricane to Crusader Ares Inferno  Standard Edition,Foranid;Foranid;Foranid;Foranid;Foranid;Foranid;Foranid;Foranid;Foranid;Foranid
18,Vulcan,Ares Inferno,,200,250,50,0,0,0,0,true,Upgrade - Vulcan to Crusader Ares Inferno  Standard Edition,Foranid;Foranid;Foranid;Foranid;Foranid;Foranid;Foranid;Foranid;Bollide;Bollide;Bollide;Bollide;Bollide;Bollide;Bollide;Bollide;Bollide;Bollide
1,Gladiator,Ares Inferno,,165,250,85,0,0,0,0,true,Upgrade - Gladiator to Crusader Ares Inferno,Foranid
111,Constellation Andromeda,Ares Inferno,,240,250,10,0,0,0,0,true,Upgrade - Constellation Andromeda to Ares Inferno  Standard Edition,Beuler;Beuler;Beuler;Beuler;Beuler;Beuler;Beuler;Beuler;Beuler;Cwb10;Cwb10;Cwb10;Cwb10;Cwb10;Cwb10;Cwb10;Cwb10;Cwb10;Cwb10;Cwb10;Cwb10;Cwb10;Cwb10;Cwb10;Cwb10;Cwb10;Cwb10;Cwb10;Cwb10;Cwb10;Cwb10;Cwb10;Cwb10;Cwb10;Cwb10;Cwb10;Cwb10;Cwb10;Cwb10;Cwb10;Cwb10;Cwb10;Cwb10;Cwb10;Cwb10;Cwb10;Cwb10;Cwb10;Cwb10;Cwb10;Cwb10;Cwb10;Cwb10;Cwb10;Cwb10;Cwb10;Cwb10;Cwb10;Cwb10;Cwb10;Cwb10;Cwb10;Cwb10;Cwb10;Cwb10;Cwb10;Cwb10;Cwb10;Cwb10;Cwb10;Cwb10;Cwb10;Cwb10;Cwb10;Cwb10;Cwb10;Cwb10;Cwb10;Cwb10;Cwb10;Cwb10;Cwb10;Cwb10;Cwb10;Cwb10;Cwb10;Cwb10;Cwb10;Cwb10;Cwb10;Cwb10;Cwb10;Cwb10;Cwb10;Cwb10;Cwb10;Cwb10;Cwb10;Cwb10;Cwb10;Cwb10;Cwb10;Cwb10;Cwb10;Cwb10;Cwb10;Cwb10;Cwb10;Cwb10;Cwb10;Cwb10
56,Scorpius,Ares Inferno,,240,250,10,0,0,0,0,true,Upgrade - Scorpius to Ares Inferno  Standard Edition,Cwb10;Cwb10;Cwb10;Cwb10;Cwb10;Cwb10;Cwb10;Cwb10;Cwb10;Cwb10;Cwb10;Cwb10;Cwb10;Cwb10;Cwb10;Cwb10;Cwb10;Cwb10;Cwb10;Cwb10;Cwb10;Cwb10;Cwb10;Cwb10;Cwb10;Cwb10;Cwb10;Cwb10;Cwb10;Cwb10;Cwb10;Cwb10;Cwb10;Cwb10;Cwb10;Cwb10;Cwb10;Cwb10;Cwb10;Cwb10;Cwb10;Cwb10;Cwb10;Cwb10;Cwb10;Cwb10;Cwb10;Cwb10;Cwb10;Cwb10;Cwb10;Cwb10;Cwb10;Cwb10;Cwb10;Cwb10
8,Defender,Ares Inferno,,220,250,30,0,0,0,0,true,Upgrade - Defender to Ares Inferno  Subscribers Edition,Cwb10;Cwb10;Cwb10;Cwb10;Cwb10;Cwb10;Cwb10;Cwb10
21,Vulcan,Ares Ion,,200,250,50,0,0,0,0,true,Upgrade - Vulcan to Crusader Ares Ion Standard Edition,Foranid;Foranid;Foranid;Foranid;Foranid;Foranid;Bollide;Bollide;Bollide;Bollide;Bollide;Bollide;Bollide;Bollide;Bollide;Bollide;Beuler;Beuler;Beuler;Beuler;Beuler
4,Cutlass Blue,Ares Ion,,175,250,75,0,0,0,0,true,Upgrade - Cutlass Blue to Crusader Ares Ion Standard Edition,Foranid;Foranid;Foranid;Foranid
4,Prospector,Ares Ion,,155,250,95,0,0,0,0,true,Upgrade - Prospector to Crusader Ares Ion,Foranid;Foranid;Foranid;Foranid
1,Gladiator,Ares Ion,,165,250,85,0,0,0,0,true,Upgrade - Gladiator to Crusader Ares Ion,Foranid
5,Hurricane,Ares Ion,,195,250,55,0,0,0,0,true,Upgrade - Hurricane to Crusader Ares Ion Standard Edition,Bollide;Bollide;Bollide;Bollide;Bollide
32,Constellation Andromeda,Ares Ion,,240,250,10,0,0,0,0,true,Upgrade - Constellation Andromeda to Ares Ion Standard Edition,Beuler;Beuler;Beuler;Beuler;Beuler;Beuler;Beuler;Beuler;Beuler;Beuler;Cwb10;Cwb10;Cwb10;Cwb10;Cwb10;Cwb10;Cwb10;Cwb10;Cwb10;Cwb10;Cwb10;Cwb10;Cwb10;Cwb10;Cwb10;Cwb10;Cwb10;Cwb10;Cwb10;Cwb10;Cwb10;Cwb10
1,P-52 Merlin,Arrow,,25,75,50,0,0,0,0,true,Upgrade - P-52 Merlin to Arrow Standard Edition,Foranid
2,Aurora LX,Aurora CL,,35,45,10,0,0,0,0,true,Upgrade - Aurora LX to Aurora CL,Bollide;Bollide
5,ROC,Avenger Stalker,,55,60,5,0,0,0,0,true,Upgrade - ROC to Avenger Stalker Standard Edition,Foranid;Foranid;Foranid;Foranid;Foranid
11,Nox Kue,Avenger Titan,,45,55,10,0,0,0,0,true,Upgrade - Nox Kue to Avenger Titan Standard Edition,Foranid;Foranid;Foranid;Foranid;Foranid;Foranid;Foranid;Foranid;Foranid;Foranid;Foranid
5,300i,Avenger Titan Renegade,,60,75,15,0,0,0,0,true,Upgrade - 300i to Avenger Titan Renegade Standard Edition,Foranid;Foranid;Foranid;Foranid;Foranid
20,325a,Avenger Titan Renegade,,70,75,5,0,0,0,0,true,Upgrade - 325a to Avenger Titan Renegade Standard Edition,Foranid;Foranid;Foranid;Foranid;Foranid;Cwb10;Cwb10;Cwb10;Cwb10;Cwb10;Cwb10;Cwb10;Cwb10;Cwb10;Cwb10;Cwb10;Cwb10;Cwb10;Cwb10;Cwb10
42,Nomad,Avenger Warlock,,80,85,5,0,0,0,0,true,Upgrade - CNOU Nomad to Avenger Warlock Standard Edition,Foranid;Foranid;Foranid;Foranid;Foranid;Foranid;Foranid;Foranid;Foranid;Foranid;Foranid;Foranid;Foranid;Bollide;Bollide;Bollide;Bollide;Bollide;Beuler;Beuler;Cwb10;Cwb10;Cwb10;Cwb10;Cwb10;Cwb10;Cwb10;Cwb10;Cwb10;Cwb10;Cwb10;Cwb10;Cwb10;Cwb10;Cwb10;Cwb10;Cwb10;Cwb10;Cwb10;Cwb10;Cwb10;Cwb10
1,Talon,Ballista,,115,140,25,0,0,0,0,true,Upgrade - Esperia Talon to Anvil Ballista  Standard Edition,Bollide
1,C8R Pisces,Ballista,,65,140,75,0,0,0,0,true,Upgrade - C8R Pisces to Ballista  Standard Edition,Cwb10
10,Mercury,Blade,,260,275,15,0,0,0,0,true,Upgrade - Mercury Star Runner to Blade Standard Edition,Foranid;Foranid;Foranid;Foranid;Foranid;Cwb10;Cwb10;Cwb10;Cwb10;Cwb10
4,Ares Inferno,Blade,,250,275,25,0,0,0,0,true,Upgrade - Ares Inferno  to Blade Standard Edition,Bollide;Bollide;Bollide;Bollide
3,Vanguard Warden,Blade,,260,275,15,0,0,0,0,true,Upgrade - Vanguard Warden to Blade Standard Edition,Cwb10;Cwb10;Cwb10
29,Cutlass Black,Buccaneer,,100,110,10,0,0,0,0,true,Upgrade - Cutlass Black to Buccaneer Standard Edition,Foranid;Foranid;Foranid;Foranid;Foranid;Foranid;Foranid;Foranid;Foranid;Foranid;Foranid;Foranid;Foranid;Foranid;Foranid;Cwb10;Cwb10;Cwb10;Cwb10;Cwb10;Cwb10;Cwb10;Cwb10;Cwb10;Cwb10;Cwb10;Cwb10;Cwb10;Cwb10
116,Cutlass Black,C1 Spirit,,100,110,10,0,0,0,0,true,Upgrade - Cutlass Black to C1 Spirit Standard Edition,Cwb10;Cwb10;Cwb10;Cwb10;Cwb10;Cwb10;Cwb10;Cwb10;Cwb10;Cwb10;Cwb10;Cwb10;Cwb10;Cwb10;Cwb10;Cwb10;Cwb10;Cwb10;Cwb10;Cwb10;Cwb10;Cwb10;Cwb10;Cwb10;Cwb10;Cwb10;Cwb10;Cwb10;Cwb10;Cwb10;Cwb10;Cwb10;Cwb10;Cwb10;Cwb10;Cwb10;Cwb10;Cwb10;Cwb10;Cwb10;Cwb10;Cwb10;Cwb10;Cwb10;Cwb10;Cwb10;Cwb10;Cwb10;Cwb10;Cwb10;Cwb10;Cwb10;Cwb10;Cwb10;Cwb10;Cwb10;Cwb10;Cwb10;Cwb10;Cwb10;Cwb10;Cwb10;Cwb10;Cwb10;Cwb10;Cwb10;Cwb10;Cwb10;Cwb10;Cwb10;Cwb10;Cwb10;Cwb10;Cwb10;Cwb10;Cwb10;Cwb10;Cwb10;Cwb10;Cwb10;Cwb10;Cwb10;Cwb10;Cwb10;Cwb10;Cwb10;Cwb10;Cwb10;Cwb10;Cwb10;Cwb10;Cwb10;Cwb10;Cwb10;Cwb10;Cwb10;Cwb10;Cwb10;Cwb10;Cwb10;Cwb10;Cwb10;Cwb10;Cwb10;Cwb10;Cwb10;Cwb10;Cwb10;Cwb10;Cwb10;Cwb10;Cwb10;Cwb10;Cwb10;Cwb10;Cwb10
36,Valkyrie,C2 Hercules,,375,400,25,0,0,0,0,true,Upgrade - Valkyrie to C2 Hercules Standard Edition,Cwb12;Cwb12;Cwb12;Bollide;Bollide;Bollide;Bollide;Bollide;Bollide;Bollide;Bollide;Bollide;Bollide;Bollide;Bollide;Bollide;Cwb10;Cwb10;Cwb10;Cwb10;Cwb10;Cwb10;Cwb10;Cwb10;Cwb10;Cwb10;Cwb10;Cwb10;Cwb10;Cwb10;Cwb10;Cwb10;Cwb10;Cwb10;Cwb10;Cwb10
3,Endeavor,C2 Hercules,,350,400,50,0,0,0,0,true,Upgrade - Endeavor to C2 Hercules Standard Edition,Foranid;Foranid;Foranid
19,Crucible,C2 Hercules,,350,400,50,0,0,0,0,true,Upgrade - Crucible to C2 Hercules Standard Edition,Foranid;Foranid;Foranid;Foranid;Foranid;Foranid;Foranid;Foranid;Foranid;Foranid;Bollide;Bollide;Bollide;Bollide;Cwb10;Cwb10;Cwb10;Cwb10;Cwb10
29,MOLE,C2 Hercules,,315,400,85,0,0,0,0,true,Upgrade - Argo Mole to C2 Hercules Standard Edition,Foranid;Foranid;Foranid;Bollide;Bollide;Bollide;Bollide;Bollide;Bollide;Bollide;Bollide;Bollide;Bollide;Bollide;Bollide;Bollide;Bollide;Bollide;Bollide;Bollide;Bollide;Bollide;Bollide;Bollide;Bollide;Bollide;Bollide;Bollide;Bollide
5,Caterpillar,C2 Hercules,,330,400,70,0,0,0,0,true,Upgrade - Caterpillar to C2 Hercules Standard Edition,Beuler;Beuler;Beuler;Beuler;Beuler
5,Starfarer Gemini,C2 Hercules,,340,400,60,0,0,0,0,true,Upgrade - Starfarer Gemini to C2 Hercules Standard Edition,Cwb10;Cwb10;Cwb10;Cwb10;Cwb10
1,STV,C8X Pisces Expedition,,40,45,5,0,0,0,0,true,Upgrade - STV to C8X Pisces Expedition  Standard Edition,Cwb12
10,Orion,Carrack,,575,600,25,0,0,0,0,true,Upgrade - Orion to Carrack Standard Edition,Foranid;Foranid;Foranid;Foranid;Foranid;Foranid;Foranid;Foranid;Foranid;Foranid
6,Prowler,Carrack,,440,600,160,0,0,0,0,true,Upgrade - Prowler to Carrack Standard Edition,Foranid;Foranid;Foranid;Foranid;Foranid;Foranid
32,M2 Hercules,Carrack,,520,600,80,0,0,0,0,true,Upgrade - M2 Hercules to Carrack Standard Edition,Foranid;Foranid;Foranid;Foranid;Foranid;Foranid;Foranid;Foranid;Foranid;Bollide;Bollide;Bollide;Bollide;Bollide;Beuler;Beuler;Beuler;Beuler;Cwb10;Cwb10;Cwb10;Cwb10;Cwb10;Cwb10;Cwb10;Cwb10;Cwb10;Cwb10;Cwb10;Cwb10;Cwb10;Cwb10
27,600i Explorer,Carrack,,475,600,125,0,0,0,0,true,Upgrade - 600i Explorer to Carrack Standard Edition,Foranid;Foranid;Foranid;Foranid;Foranid;Foranid;Foranid;Foranid;Foranid;Foranid;Foranid;Foranid;Foranid;Foranid;Foranid;Foranid;Beuler;Beuler;Beuler;Beuler;Beuler;Cwb10;Cwb10;Cwb10;Cwb10;Cwb10;Cwb10
1,Reclaimer,Carrack,,400,600,200,0,0,0,0,true,Upgrade - Reclaimer to Carrack,Foranid
5,C2 Hercules,Carrack,,400,600,200,0,0,0,0,true,Upgrade - C2 Hercules to Carrack Standard Edition,Cwb10;Cwb10;Cwb10;Cwb10;Cwb10
5,Liberator,Carrack,,575,600,25,0,0,0,0,true,Upgrade - Liberator to Carrack Standard Edition,Cwb10;Cwb10;Cwb10;Cwb10;Cwb10
13,Vanguard Harbinger,Caterpillar,,290,330,40,0,0,0,0,true,Upgrade - Vanguard Harbinger to Caterpillar Standard Edition,Foranid;Foranid;Foranid;Foranid;Foranid;Foranid;Foranid;Foranid;Foranid;Foranid;Foranid;Foranid;Foranid
18,Mercury,Caterpillar,,260,330,70,0,0,0,0,true,Upgrade - Mercury Star Runner to Caterpillar Standard Edition,Foranid;Bollide;Bollide;Bollide;Bollide;Bollide;Bollide;Bollide;Bollide;Bollide;Bollide;Bollide;Bollide;Bollide;Bollide;Bollide;Bollide;Bollide
2,Retaliator Bomber,Caterpillar,,275,330,55,0,0,0,0,true,Upgrade - Retaliator Bomber to Caterpillar Standard Edition,Foranid;Foranid
1,Vanguard Harbinger,Caterpillar,,290,330,5,35,0,0,0,true,Ship Upgrades - Vanguard Harbinger to Caterpillar Upgrade,Foranid
10,Vanguard Warden,Caterpillar,,260,330,70,0,0,0,0,true,Upgrade - Vanguard Warden to Caterpillar Standard Edition,Bollide;Bollide;Bollide;Bollide;Bollide;Bollide;Bollide;Bollide;Bollide;Bollide
4,Constellation Andromeda,Caterpillar,,240,330,90,0,0,0,0,true,Upgrade - Constellation Andromeda to Caterpillar Standard Edition,Bollide;Bollide;Bollide;Bollide
15,Vanguard Sentinel,Caterpillar,,275,330,55,0,0,0,0,true,Upgrade - Vanguard Sentinel to Caterpillar Standard Edition,Bollide;Bollide;Bollide;Bollide;Bollide;Bollide;Bollide;Bollide;Bollide;Bollide;Bollide;Bollide;Bollide;Bollide;Bollide
28,MOLE,Caterpillar,,315,330,15,0,0,0,0,true,Upgrade - MOLE to Caterpillar Standard Edition,Cwb10;Cwb10;Cwb10;Cwb10;Cwb10;Cwb10;Cwb10;Cwb10;Cwb10;Cwb10;Cwb10;Cwb10;Cwb10;Cwb10;Cwb10;Cwb10;Cwb10;Cwb10;Cwb10;Cwb10;Cwb10;Cwb10;Cwb10;Cwb10;Cwb10;Cwb10;Cwb10;Cwb10
97,Redeemer,Caterpillar,,325,330,5,0,0,0,0,true,Upgrade - Redeemer to Caterpillar Standard Edition,Cwb10;Cwb10;Cwb10;Cwb10;Cwb10;Cwb10;Cwb10;Cwb10;Cwb10;Cwb10;Cwb10;Cwb10;Cwb10;Cwb10;Cwb10;Cwb10;Cwb10;Cwb10;Cwb10;Cwb10;Cwb10;Cwb10;Cwb10;Cwb10;Cwb10;Cwb10;Cwb10;Cwb10;Cwb10;Cwb10;Cwb10;Cwb10;Cwb10;Cwb10;Cwb10;Cwb10;Cwb10;Cwb10;Cwb10;Cwb10;Cwb10;Cwb10;Cwb10;Cwb10;Cwb10;Cwb10;Cwb10;Cwb10;Cwb10;Cwb10;Cwb10;Cwb10;Cwb10;Cwb10;Cwb10;Cwb10;Cwb10;Cwb10;Cwb10;Cwb10;Cwb10;Cwb10;Cwb10;Cwb10;Cwb10;Cwb10;Cwb10;Cwb10;Cwb10;Cwb10;Cwb10;Cwb10;Cwb10;Cwb10;Cwb10;Cwb10;Cwb10;Cwb10;Cwb10;Cwb10;Cwb10;Cwb10;Cwb10;Cwb10;Cwb10;Cwb10;Cwb10;Cwb10;Cwb10;Cwb10;Cwb10;Cwb10;Cwb10;Cwb10;Cwb10;Cwb10;Cwb10
1,Centurion,Constellation Andromeda,,110,240,130,0,0,0,0,true,Upgrade - Centurion to Constellation Andromeda Standard Edition,Cwb12
1,Prospector,Constellation Andromeda,,155,240,85,0,0,0,0,true,Upgrade - Prospector to Constellation Andromeda Standard Edition,Foranid
1,Defender,Constellation Andromeda,,220,240,20,0,0,0,0,true,Upgrade - Defender to Constellation Andromeda Standard Edition,Bollide
4,Cutlass Steel,Constellation Andromeda,,235,240,5,0,0,0,0,true,Upgrade - Cutlass Steel to Constellation Andromeda Standard Edition,Beuler;Beuler;Beuler;Cwb10
1,F7C-M Super Hornet,Constellation Andromeda,,180,240,60,0,0,0,0,true,Upgrade - F7C-M Super Hornet to Constellation Andromeda Standard Edition,Cwb10
1,Constellation Taurus,Constellation Andromeda,,190,240,50,0,0,0,0,true,Upgrade - Constellation Taurus to Constellation Andromeda Standard Edition,Cwb10
1,Cutlass Steel,Constellation Aquila,,235,310,75,0,0,0,0,true,Upgrade - Cutlass Steel to Constellation Aquila Standard Edition,Beuler
4,Centurion,Constellation Taurus,,110,190,80,0,0,0,0,true,Upgrade - Centurion to Constellation Taurus Standard Edition,Bollide;Bollide;Bollide;Cwb10
1,Mule,Constellation Taurus,,45,190,145,0,0,0,0,true,Upgrade - Mule to Constellation Taurus Standard Edition,Bollide
4,Aurora ES,Constellation Taurus,,20,190,170,0,0,0,0,true,Upgrade - Aurora ES to Constellation Taurus Standard Edition,Bollide;Bollide;Cwb10;Cwb10
5,F7C-M Super Hornet,Constellation Taurus,,180,190,10,0,0,0,0,true,Upgrade - F7C-M Super Hornet to Constellation Taurus Standard Edition,Bollide;Bollide;Bollide;Bollide;Bollide
2,Nova,Constellation Taurus,,120,190,70,0,0,0,0,true,Upgrade - Nova to Constellation Taurus Standard Edition,Beuler;Beuler
1,Prospector,Constellation Taurus,,155,190,35,0,0,0,0,true,Upgrade - Prospector to Constellation Taurus Standard Edition,Beuler
23,Vulcan,Corsair,,200,250,50,0,0,0,0,true,Upgrade - Vulcan to Corsair Standard Edition,Foranid;Foranid;Foranid;Foranid;Foranid;Foranid;Foranid;Foranid;Foranid;Foranid;Foranid;Bollide;Bollide;Bollide;Bollide;Bollide;Bollide;Bollide;Bollide;Bollide;Bollide;Bollide;Bollide
51,Hurricane,Corsair,,195,250,55,0,0,0,0,true,Upgrade - Hurricane to Corsair Standard Edition,Bollide;Cwb10;Cwb10;Cwb10;Cwb10;Cwb10;Cwb10;Cwb10;Cwb10;Cwb10;Cwb10;Cwb10;Cwb10;Cwb10;Cwb10;Cwb10;Cwb10;Cwb10;Cwb10;Cwb10;Cwb10;Cwb10;Cwb10;Cwb10;Cwb10;Cwb10;Cwb10;Cwb10;Cwb10;Cwb10;Cwb10;Cwb10;Cwb10;Cwb10;Cwb10;Cwb10;Cwb10;Cwb10;Cwb10;Cwb10;Cwb10;Cwb10;Cwb10;Cwb10;Cwb10;Cwb10;Cwb10;Cwb10;Cwb10;Cwb10;Cwb10
10,Constellation Taurus,Corsair,,190,250,60,0,0,0,0,true,Upgrade - Constellation Taurus to Corsair Standard Edition,Cwb10;Cwb10;Cwb10;Cwb10;Cwb10;Cwb10;Cwb10;Cwb10;Cwb10;Cwb10
134,Starfarer Gemini,Crucible,,340,350,10,0,0,0,0,true,Upgrade - Starfarer Gemini to Crucible Standard Edition,Foranid;Foranid;Foranid;Foranid;Foranid;Foranid;Foranid;Foranid;Foranid;Foranid;Bollide;Bollide;Bollide;Bollide;Bollide;Bollide;Bollide;Bollide;Bollide;Bollide;Bollide;Bollide;Bollide;Bollide;Bollide;Bollide;Bollide;Bollide;Bollide;Bollide;Bollide;Bollide;Beuler;Beuler;Cwb10;Cwb10;Cwb10;Cwb10;Cwb10;Cwb10;Cwb10;Cwb10;Cwb10;Cwb10;Cwb10;Cwb10;Cwb10;Cwb10;Cwb10;Cwb10;Cwb10;Cwb10;Cwb10;Cwb10;Cwb10;Cwb10;Cwb10;Cwb10;Cwb10;Cwb10;Cwb10;Cwb10;Cwb10;Cwb10;Cwb10;Cwb10;Cwb10;Cwb10;Cwb10;Cwb10;Cwb10;Cwb10;Cwb10;Cwb10;Cwb10;Cwb10;Cwb10;Cwb10;Cwb10;Cwb10;Cwb10;Cwb10;Cwb10;Cwb10;Cwb10;Cwb10;Cwb10;Cwb10;Cwb10;Cwb10;Cwb10;Cwb10;Cwb10;Cwb10;Cwb10;Cwb10;Cwb10;Cwb10;Cwb10;Cwb10;Cwb10;Cwb10;Cwb10;Cwb10;Cwb10;Cwb10;Cwb10;Cwb10;Cwb10;Cwb10;Cwb10;Cwb10;Cwb10;Cwb10;Cwb10;Cwb10;Cwb10;Cwb10;Cwb10;Cwb10;Cwb10;Cwb10;Cwb10;Cwb10;Cwb10;Cwb10;Cwb10;Cwb10;Cwb10;Cwb10;Cwb10;Cwb10;Cwb10;Cwb10
3,MOLE,Crucible,,315,350,35,0,0,0,0,true,Upgrade - Argo Mole to Crucible Standard Edition,Foranid;Foranid;Foranid
2,Constellation Aquila,Crucible,,310,350,40,0,0,0,0,true,Upgrade - Constellation Aquila to Crucible Standard Edition,Foranid;Foranid
12,Redeemer,Crucible,,325,350,25,0,0,0,0,true,Upgrade - Redeemer to Crucible Standard Edition,Bollide;Bollide;Cwb10;Cwb10;Cwb10;Cwb10;Cwb10;Cwb10;Cwb10;Cwb10;Cwb10;Cwb10
5,Caterpillar,Crucible,,330,350,20,0,0,0,0,true,Upgrade - Caterpillar to Crucible Standard Edition,Cwb10;Cwb10;Cwb10;Cwb10;Cwb10
4,Spartan,Cutlass Black,,80,100,20,0,0,0,0,true,Upgrade - Spartan to Cutlass Black Standard Edition,Foranid;Beuler;Beuler;Beuler
1,Nomad,Cutlass Black,,80,100,20,0,0,0,0,true,Upgrade - Nomad to Cutlass Black Standard Edition,Bollide
1,Reliant Kore,Cutlass Black,,65,100,35,0,0,0,0,true,Upgrade - Reliant Kore to Cutlass Black Standard Edition,Bollide
1,Aurora ES,Cutlass Black,,20,100,80,0,0,0,0,true,Upgrade - Aurora ES to Cutlass Black Standard Edition,Beuler
61,Prospector,Cutlass Blue,,155,175,20,0,0,0,0,true,Upgrade - Prospector to Cutlass Blue Standard Edition,Foranid;Foranid;Foranid;Foranid;Foranid;Foranid;Foranid;Foranid;Foranid;Bollide;Bollide;Bollide;Bollide;Bollide;Bollide;Bollide;Bollide;Bollide;Bollide;Bollide;Bollide;Bollide;Bollide;Bollide;Bollide;Bollide;Bollide;Bollide;Bollide;Bollide;Bollide;Bollide;Bollide;Bollide;Bollide;Bollide;Bollide;Bollide;Bollide;Bollide;Bollide;Bollide;Bollide;Bollide;Bollide;Bollide;Bollide;Bollide;Bollide;Bollide;Bollide;Cwb10;Cwb10;Cwb10;Cwb10;Cwb10;Cwb10;Cwb10;Cwb10;Cwb10;Cwb10
33,Sabre,Cutlass Blue,,170,175,5,0,0,0,0,true,Upgrade - Sabre to Cutlass Blue Standard Edition,Foranid;Foranid;Foranid;Foranid;Foranid;Foranid;Foranid;Foranid;Foranid;Foranid;Bollide;Bollide;Bollide;Bollide;Bollide;Bollide;Bollide;Bollide;Bollide;Bollide;Bollide;Bollide;Bollide;Bollide;Cwb10;Cwb10;Cwb10;Cwb10;Cwb10;Cwb10;Cwb10;Cwb10;Cwb10
1,Ranger RC,Cutlass Blue,,35,175,115,25,0,0,0,true,Ship Upgrades - Ranger RC to Cutlass Blue Upgrade,Foranid
4,Gladiator,Cutlass Blue,,165,175,10,0,0,0,0,true,Upgrade - Gladiator to Cutlass Blue Standard Edition,Bollide;Bollide;Bollide;Bollide
1,Talon,Cutlass Red,,115,135,20,0,0,0,0,true,Upgrade - Esperia Talon to Cutlass Red Standard Edition,Foranid
3,Freelancer,Cutlass Red,,110,135,25,0,0,0,0,true,Upgrade - Freelancer to Cutlass Red,Foranid;Foranid;Foranid
10,Terrapin,Cutlass Steel,,220,235,15,0,0,0,0,true,Upgrade - Terrapin to Cutlass Steel Standard Edition,Cwb12;Cwb12;Cwb12;Cwb12;Cwb12;Bollide;Bollide;Bollide;Bollide;Bollide
5,Defender,Cutlass Steel,,220,235,15,0,0,0,0,true,Upgrade - Banu Defender to Cutlass Steel,Bollide;Bollide;Bollide;Bollide;Bollide
10,Arrow,Cyclone AA,,75,80,5,0,0,0,0,true,Upgrade - Arrow to Cyclone-AA Standard Edition,Bollide;Bollide;Bollide;Bollide;Bollide;Cwb10;Cwb10;Cwb10;Cwb10;Cwb10
10,325a,Cyclone MT,,70,75,5,0,0,0,0,true,Upgrade - 325a to Cyclone MT Standard Edition,Bollide;Bollide;Bollide;Bollide;Bollide;Cwb10;Cwb10;Cwb10;Cwb10;Cwb10
15,300i,Cyclone RN,,60,65,5,0,0,0,0,true,Upgrade - 300i to Cyclone-RN Standard Edition,Bollide;Bollide;Bollide;Bollide;Bollide;Bollide;Bollide;Bollide;Bollide;Bollide;Beuler;Beuler;Beuler;Beuler;Beuler
11,300i,Cyclone TR,,60,65,5,0,0,0,0,true,Upgrade - 300i to Cyclone-TR Standard Edition,Bollide;Bollide;Bollide;Bollide;Bollide;Bollide;Beuler;Beuler;Beuler;Beuler;Beuler
1,Prospector,Defender,,155,220,65,0,0,0,0,true,Ship Upgrades - Prospector to Banu Defender Upgrade,Foranid
2,Mantis,Defender,,150,220,70,0,0,0,0,true,Ship Upgrades - Mantis to Defender Upgrade,Foranid;Foranid
97,Ballista,E1 Spirit,,140,150,10,0,0,0,0,true,Upgrade - Ballista  to E1 Spirit Standard Edition,Cwb10;Cwb10;Cwb10;Cwb10;Cwb10;Cwb10;Cwb10;Cwb10;Cwb10;Cwb10;Cwb10;Cwb10;Cwb10;Cwb10;Cwb10;Cwb10;Cwb10;Cwb10;Cwb10;Cwb10;Cwb10;Cwb10;Cwb10;Cwb10;Cwb10;Cwb10;Cwb10;Cwb10;Cwb10;Cwb10;Cwb10;Cwb10;Cwb10;Cwb10;Cwb10;Cwb10;Cwb10;Cwb10;Cwb10;Cwb10;Cwb10;Cwb10;Cwb10;Cwb10;Cwb10;Cwb10;Cwb10;Cwb10;Cwb10;Cwb10;Cwb10;Cwb10;Cwb10;Cwb10;Cwb10;Cwb10;Cwb10;Cwb10;Cwb10;Cwb10;Cwb10;Cwb10;Cwb10;Cwb10;Cwb10;Cwb10;Cwb10;Cwb10;Cwb10;Cwb10;Cwb10;Cwb10;Cwb10;Cwb10;Cwb10;Cwb10;Cwb10;Cwb10;Cwb10;Cwb10;Cwb10;Cwb10;Cwb10;Cwb10;Cwb10;Cwb10;Cwb10;Cwb10;Cwb10;Cwb10;Cwb10;Cwb10;Cwb10;Cwb10;Cwb10;Cwb10;Cwb10
3,Constellation Andromeda,Eclipse,,240,300,60,0,0,0,0,true,Upgrade - Constellation Andromeda to Eclipse Standard Edition,Foranid;Foranid;Foranid
1,Apollo Medivac,Eclipse,,275,300,25,0,0,0,0,true,Upgrade - Apollo Medivac to Eclipse Standard Edition,Foranid
30,Vanguard Harbinger,Eclipse,,290,300,10,0,0,0,0,true,Upgrade - Vanguard Harbinger to Eclipse Standard Edition,Bollide;Bollide;Bollide;Bollide;Cwb10;Cwb10;Cwb10;Cwb10;Cwb10;Cwb10;Cwb10;Cwb10;Cwb10;Cwb10;Cwb10;Cwb10;Cwb10;Cwb10;Cwb10;Cwb10;Cwb10;Cwb10;Cwb10;Cwb10;Cwb10;Cwb10;Cwb10;Cwb10;Cwb10;Cwb10
8,Mercury,Eclipse,,260,300,40,0,0,0,0,true,Upgrade - Mercury Star Runner to Eclipse Standard Edition,Bollide;Bollide;Bollide;Bollide;Beuler;Beuler;Beuler;Beuler
1,Hurricane,Eclipse,,195,300,105,0,0,0,0,true,Upgrade - Hurricane to Eclipse Standard Edition,Bollide
10,Vanguard Warden,Eclipse,,260,300,40,0,0,0,0,true,Upgrade - Vanguard Warden to Eclipse Standard Edition,Cwb10;Cwb10;Cwb10;Cwb10;Cwb10;Cwb10;Cwb10;Cwb10;Cwb10;Cwb10
22,Starfarer Gemini,Endeavor,,340,350,10,0,0,0,0,true,Upgrade - Starfarer Gemini to Endeavor Standard Edition,Foranid;Foranid;Foranid;Foranid;Foranid;Foranid;Foranid;Foranid;Foranid;Foranid;Foranid;Foranid;Foranid;Bollide;Bollide;Bollide;Bollide;Bollide;Bollide;Bollide;Bollide;Bollide
5,MOLE,Endeavor,,315,350,35,0,0,0,0,true,Upgrade - Argo Mole to Endeavor Standard Edition,Foranid;Foranid;Foranid;Foranid;Foranid
1,Starfarer Gemini,Endeavor,,340,350,10,0,0,0,0,true,Ship Upgrades - Starfarer Gemini to Endeavor Upgrade,Foranid
37,Ballista,Expanse,,140,150,10,0,0,0,0,true,Upgrade - Ballista  to Expanse Standard Edition,Cwb10;Cwb10;Cwb10;Cwb10;Cwb10;Cwb10;Cwb10;Cwb10;Cwb10;Cwb10;Cwb10;Cwb10;Cwb10;Cwb10;Cwb10;Cwb10;Cwb10;Cwb10;Cwb10;Cwb10;Cwb10;Cwb10;Cwb10;Cwb10;Cwb10;Cwb10;Cwb10;Cwb10;Cwb10;Cwb10;Cwb10;Cwb10;Cwb10;Cwb10;Cwb10;Cwb10;Cwb10
15,Prospector,F7C Hornet Wildfire,,155,175,20,0,0,0,0,true,Upgrade - Prospector to F7C Hornet Wildfire Standard Edition,Foranid;Foranid;Foranid;Foranid;Foranid;Cwb10;Cwb10;Cwb10;Cwb10;Cwb10;Cwb10;Cwb10;Cwb10;Cwb10;Cwb10
4,Gladiator,F7C Hornet Wildfire,,165,175,10,0,0,0,0,true,Upgrade - Gladiator to F7C Hornet Wildfire Standard Edition,Cwb10;Cwb10;Cwb10;Cwb10
51,Cutlass Blue,F7C-M Super Hornet,,175,180,5,0,0,0,0,true,Upgrade - Cutlass Blue to F7C-M Super Hornet Standard Edition,Foranid;Foranid;Foranid;Foranid;Foranid;Foranid;Foranid;Foranid;Foranid;Foranid;Foranid;Foranid;Foranid;Foranid;Bollide;Bollide;Bollide;Bollide;Bollide;Bollide;Bollide;Bollide;Bollide;Bollide;Bollide;Bollide;Bollide;Bollide;Bollide;Bollide;Bollide;Bollide;Bollide;Bollide;Bollide;Bollide;Beuler;Beuler;Beuler;Beuler;Beuler;Beuler;Beuler;Beuler;Beuler;Beuler;Cwb10;Cwb10;Cwb10;Cwb10;Cwb10
9,Sabre,F7C-M Super Hornet,,170,180,10,0,0,0,0,true,Upgrade - Sabre to F7C-M Super Hornet Standard Edition,Foranid;Cwb10;Cwb10;Cwb10;Cwb10;Cwb10;Cwb10;Cwb10;Cwb10
70,Prospector,F7C-M Super Hornet,,155,180,25,0,0,0,0,true,Upgrade - Prospector to F7C-M Super Hornet Standard Edition,Bollide;Bollide;Bollide;Bollide;Bollide;Bollide;Bollide;Bollide;Bollide;Bollide;Bollide;Bollide;Bollide;Bollide;Bollide;Bollide;Bollide;Bollide;Bollide;Bollide;Bollide;Bollide;Bollide;Bollide;Bollide;Bollide;Bollide;Bollide;Bollide;Bollide;Bollide;Bollide;Bollide;Bollide;Bollide;Bollide;Cwb10;Cwb10;Cwb10;Cwb10;Cwb10;Cwb10;Cwb10;Cwb10;Cwb10;Cwb10;Cwb10;Cwb10;Cwb10;Cwb10;Cwb10;Cwb10;Cwb10;Cwb10;Cwb10;Cwb10;Cwb10;Cwb10;Cwb10;Cwb10;Cwb10;Cwb10;Cwb10;Cwb10;Cwb10;Cwb10;Cwb10;Cwb10;Cwb10;Cwb10
5,Gladiator,F7C-M Super Hornet,,165,180,15,0,0,0,0,true,Upgrade - Gladiator to F7C-M Super Hornet Standard Edition,Beuler;Beuler;Beuler;Beuler;Beuler
9,Freelancer MIS,F7C-M Super Hornet,,175,180,5,0,0,0,0,true,Upgrade - Freelancer MIS to F7C-M Super Hornet Standard Edition,Beuler;Beuler;Beuler;Beuler;Cwb10;Cwb10;Cwb10;Cwb10;Cwb10
2,Prospector,F7C-M Super Hornet Heartseeker,,155,195,40,0,0,0,0,true,Upgrade - Prospector to F7C-M Super Hornet Heartseeker Standard Edition,Bollide;Bollide
1,RAFT,Freelancer DUR,,125,135,10,0,0,0,0,true,Upgrade - RAFT to Freelancer DUR Standard Edition,Beuler
1,325a,Freelancer MAX,,70,150,80,0,0,0,0,true,Upgrade - 325a to Freelancer MAX Standard Edition,Cwb10
1,Freelancer DUR,Freelancer MIS,,135,175,40,0,0,0,0,true,Ship Upgrades - Freelancer DUR to Freelancer MIS Upgrade,Morgang freeman
25,Sabre,Freelancer MIS,,170,175,5,0,0,0,0,true,Upgrade - Sabre to Freelancer MIS Standard Edition,Foranid;Foranid;Foranid;Foranid;Foranid;Foranid;Foranid;Foranid;Foranid;Foranid;Foranid;Foranid;Cwb10;Cwb10;Cwb10;Cwb10;Cwb10;Cwb10;Cwb10;Cwb10;Cwb10;Cwb10;Cwb10;Cwb10;Cwb10
3,Khartu-Al,Freelancer MIS,,170,175,5,0,0,0,0,true,Upgrade - Khartu-Al to Freelancer MIS Standard Edition,Foranid;Beuler;Beuler
25,Prospector,Freelancer MIS,,155,175,20,0,0,0,0,true,Upgrade - Prospector to Freelancer MIS Subscribers Edition,Bollide;Bollide;Bollide;Bollide;Bollide;Bollide;Bollide;Bollide;Bollide;Bollide;Cwb10;Cwb10;Cwb10;Cwb10;Cwb10;Cwb10;Cwb10;Cwb10;Cwb10;Cwb10;Cwb10;Cwb10;Cwb10;Cwb10;Cwb10
10,125a,G12a,,60,65,5,0,0,0,0,true,Upgrade - 125a to Origin G12a Standard Edition,Bollide;Bollide;Bollide;Bollide;Bollide;Cwb10;Cwb10;Cwb10;Cwb10;Cwb10
15,300i,G12a,,60,65,5,0,0,0,0,true,Upgrade - 300i to Origin G12a Standard Edition,Bollide;Bollide;Bollide;Bollide;Bollide;Bollide;Bollide;Bollide;Bollide;Bollide;Beuler;Beuler;Beuler;Beuler;Beuler
5,Valkyrie,Galaxy,,375,380,5,0,0,0,0,true,Upgrade - Valkyrie to Galaxy Standard Edition,Cwb10;Cwb10;Cwb10;Cwb10;Cwb10
15,Valkyrie,Genesis,,375,400,25,0,0,0,0,true,Upgrade - Valkyrie to Genesis Starliner,Foranid;Foranid;Foranid;Foranid;Foranid;Bollide;Bollide;Bollide;Bollide;Bollide;Bollide;Bollide;Bollide;Bollide;Bollide
1,Scorpius,Genesis,,240,400,160,0,0,0,0,true,Upgrade - Scorpius to Genesis Starliner,stuk
128,Prospector,Gladiator,,155,165,10,0,0,0,0,true,Upgrade - Prospector to Gladiator Standard Edition,Foranid;Foranid;Foranid;Foranid;Foranid;Foranid;Foranid;Foranid;Foranid;Foranid;Foranid;Foranid;Foranid;Foranid;Foranid;Foranid;Foranid;Foranid;Foranid;Bollide;Bollide;Bollide;Bollide;Bollide;Bollide;Bollide;Bollide;Bollide;Bollide;Bollide;Bollide;Bollide;Bollide;Bollide;Bollide;Bollide;Bollide;Bollide;Bollide;Bollide;Bollide;Bollide;Bollide;Bollide;Bollide;Bollide;Bollide;Bollide;Bollide;Bollide;Bollide;Bollide;Bollide;Bollide;Bollide;Bollide;Bollide;Bollide;Bollide;Bollide;Bollide;Bollide;Bollide;Bollide;Bollide;Bollide;Bollide;Bollide;Bollide;Bollide;Bollide;Bollide;Bollide;Bollide;Beuler;Beuler;Beuler;Beuler;Beuler;Beuler;Beuler;Beuler;Beuler;Beuler;Beuler;Beuler;Beuler;Beuler;Beuler;Beuler;Beuler;Cwb10;Cwb10;Cwb10;Cwb10;Cwb10;Cwb10;Cwb10;Cwb10;Cwb10;Cwb10;Cwb10;Cwb10;Cwb10;Cwb10;Cwb10;Cwb10;Cwb10;Cwb10;Cwb10;Cwb10;Cwb10;Cwb10;Cwb10;Cwb10;Cwb10;Cwb10;Cwb10;Cwb10;Cwb10;Cwb10;Cwb10;Cwb10;Cwb10;Cwb10;Cwb10;Cwb10;Cwb10
11,Razor EX,Gladiator,,155,165,10,0,0,0,0,true,Upgrade - Razor EX to Gladiator Standard Edition,Foranid;Foranid;Foranid;Foranid;Foranid;Foranid;Foranid;Foranid;Foranid;Foranid;Foranid
7,Nomad,Gladius,,80,90,10,0,0,0,0,true,Upgrade - CNOU Nomad to Gladius Standard Edition,Foranid;Foranid;Foranid;Foranid;Foranid;Foranid;Foranid
1,Ranger RC,Gladius,,35,90,55,0,0,0,0,true,Upgrade - Ranger RC to Gladius,Foranid
1,Aurora ES,Gladius,,20,90,70,0,0,0,0,true,Upgrade - Aurora ES to Gladius Standard Edition,Bollide
3,Spartan,Gladius,,80,90,10,0,0,0,0,true,Upgrade - Spartan to Gladius Standard Edition,Bollide;Bollide;Beuler
1,325a,Gladius,,70,90,20,0,0,0,0,true,Upgrade - 325a to Gladius Standard Edition,Beuler
1,Cyclone MT,Gladius,,75,90,15,0,0,0,0,true,Upgrade - Cyclone MT to Gladius Standard Edition,Cwb10
20,Cutlass Black,Gladius Valiant,,100,110,10,0,0,0,0,true,Upgrade - Cutlass Black to Gladius Valiant Standard Edition,Foranid;Foranid;Foranid;Foranid;Bollide;Bollide;Bollide;Bollide;Bollide;Bollide;Bollide;Bollide;Beuler;Beuler;Cwb10;Cwb10;Cwb10;Cwb10;Cwb10;Cwb10
1,MOLE,Glaive,,315,350,35,0,0,0,0,true,Upgrade - Argo Mole to Glaive Standard Edition,stuk
15,Perseus,Hammerhead,,675,725,50,0,0,0,0,true,Upgrade - Perseus to Hammerhead Standard Edition,Cwb12;Cwb12;Bollide;Bollide;Bollide;Bollide;Beuler;Beuler;Beuler;Beuler;Cwb10;Cwb10;Cwb10;Cwb10;Cwb10
17,Carrack,Hammerhead,,600,725,125,0,0,0,0,true,Upgrade - Carrack to Hammerhead Standard Edition,Cwb12;Foranid;Foranid;Foranid;Foranid;Beuler;Beuler;Beuler;Beuler;Cwb10;Cwb10;Cwb10;Cwb10;Cwb10;Cwb10;Cwb10;Cwb10
1,Prowler,Hammerhead,,440,725,285,0,0,0,0,true,Upgrade - Prowler to Hammerhead Standard Edition,Foranid
22,Merchantman,Hammerhead,,650,725,75,0,0,0,0,true,Upgrade - Merchantman to Hammerhead Standard Edition,Bollide;Bollide;Bollide;Bollide;Beuler;Beuler;Beuler;Cwb10;Cwb10;Cwb10;Cwb10;Cwb10;Cwb10;Cwb10;Cwb10;Cwb10;Cwb10;Cwb10;Cwb10;Cwb10;Cwb10;Cwb10
10,Odyssey,Hammerhead,,700,725,25,0,0,0,0,true,Upgrade - Odyssey to Hammerhead Standard Edition,Beuler;Beuler;Beuler;Beuler;Beuler;Cwb10;Cwb10;Cwb10;Cwb10;Cwb10
23,Gladius,Hawk,,90,100,10,0,0,0,0,true,Upgrade - Gladius to Hawk Standard Edition,Foranid;Foranid;Foranid;Foranid;Foranid;Foranid;Foranid;Foranid;Bollide;Cwb10;Cwb10;Cwb10;Cwb10;Cwb10;Cwb10;Cwb10;Cwb10;Cwb10;Cwb10;Cwb10;Cwb10;Cwb10;Cwb10
5,Reliant Mako,Hawk,,95,100,5,0,0,0,0,true,Upgrade - Reliant Mako to Hawk Standard Edition,Foranid;Foranid;Foranid;Foranid;Foranid
8,Hull A,Hawk,,90,100,10,0,0,0,0,true,Upgrade - Hull A to Hawk Standard Edition,Cwb10;Cwb10;Cwb10;Cwb10;Cwb10;Cwb10;Cwb10;Cwb10
13,Spartan,Herald,,80,85,5,0,0,0,0,true,Upgrade - Spartan to Herald Standard Edition,Foranid;Foranid;Foranid;Foranid;Foranid;Bollide;Bollide;Bollide;Bollide;Bollide;Beuler;Beuler;Beuler
22,Nomad,Herald,,80,85,5,0,0,0,0,true,Upgrade - CNOU Nomad to Herald Standard Edition,Foranid;Foranid;Foranid;Foranid;Foranid;Foranid;Foranid;Foranid;Foranid;Foranid;Bollide;Bollide;Bollide;Beuler;Beuler;Beuler;Beuler;Cwb10;Cwb10;Cwb10;Cwb10;Cwb10
4,Mule,Hull A,,45,90,45,0,0,0,0,true,Upgrade - Mule to Hull A Standard Edition,Cwb12;Cwb12;Cwb10;Cwb10
4,ROC,Hull A,,55,90,35,0,0,0,0,true,Upgrade - ROC to Hull A Standard Edition,Foranid;Foranid;Foranid;Foranid
1,STV,Hull A,,40,90,50,0,0,0,0,true,Upgrade - STV to Hull A Subscribers Edition,Cwb10
1,Aurora ES,Hull A,,20,90,70,0,0,0,0,true,Upgrade - Aurora ES to Hull A Standard Edition,Cwb10
1,Nomad,Hull B,,80,140,60,0,0,0,0,true,Upgrade - CNOU Nomad to Hull B Standard Edition,Foranid
30,Cutlass Red,Hull B,,135,140,5,0,0,0,0,true,Upgrade - Cutlass Red to Hull B Standard Edition,Bollide;Bollide;Bollide;Bollide;Bollide;Bollide;Bollide;Bollide;Bollide;Bollide;Cwb10;Cwb10;Cwb10;Cwb10;Cwb10;Cwb10;Cwb10;Cwb10;Cwb10;Cwb10;Cwb10;Cwb10;Cwb10;Cwb10;Cwb10;Cwb10;Cwb10;Cwb10;Cwb10;Cwb10
16,Vanguard Hoplite,Hull C,,235,350,115,0,0,0,0,true,Upgrade - Vanguard Hoplite to Hull C Standard Edition,Foranid;Foranid;Foranid;Foranid;Foranid;Foranid;Foranid;Foranid;Foranid;Foranid;Foranid;Foranid;Foranid;Foranid;Foranid;Foranid
2,Constellation Andromeda,Hull C,,240,350,110,0,0,0,0,true,Upgrade - Constellation Andromeda to Hull C Standard Edition,Foranid;Foranid
16,Starfarer Gemini,Hull C,,340,350,10,0,0,0,0,true,Upgrade - Starfarer Gemini to Hull C Standard Edition,Bollide;Bollide;Bollide;Bollide;Bollide;Bollide;Bollide;Bollide;Bollide;Bollide;Beuler;Cwb10;Cwb10;Cwb10;Cwb10;Cwb10
12,Caterpillar,Hull C,,330,350,20,0,0,0,0,true,Upgrade - Caterpillar to Hull C Standard Edition,Cwb10;Cwb10;Cwb10;Cwb10;Cwb10;Cwb10;Cwb10;Cwb10;Cwb10;Cwb10;Cwb10;Cwb10
30,Prowler,Hull D,,440,450,10,0,0,0,0,true,Upgrade - Prowler to Hull D Standard Edition,Foranid;Foranid;Foranid;Foranid;Foranid;Bollide;Bollide;Bollide;Bollide;Bollide;Bollide;Bollide;Bollide;Bollide;Bollide;Cwb10;Cwb10;Cwb10;Cwb10;Cwb10;Cwb10;Cwb10;Cwb10;Cwb10;Cwb10;Cwb10;Cwb10;Cwb10;Cwb10;Cwb10
17,Starfarer Gemini,Hull D,,340,450,110,0,0,0,0,true,Upgrade - Starfarer Gemini to Hull D Standard Edition,Foranid;Foranid;Foranid;Foranid;Foranid;Foranid;Foranid;Foranid;Foranid;Foranid;Foranid;Foranid;Foranid;Foranid;Foranid;Foranid;Foranid
1,Constellation Aquila,Hull D,,310,450,140,0,0,0,0,true,Upgrade - Constellation Aquila to Hull D,Foranid
5,C2 Hercules,Hull D,,400,450,50,0,0,0,0,true,Upgrade - C2 Hercules to Hull D Standard Edition,Beuler;Beuler;Beuler;Beuler;Beuler
150,Constellation Taurus,Hurricane,,190,195,5,0,0,0,0,true,Upgrade - Constellation Taurus to Hurricane Standard Edition,Foranid;Foranid;Foranid;Foranid;Foranid;Foranid;Foranid;Foranid;Foranid;Foranid;Foranid;Bollide;Bollide;Bollide;Bollide;Bollide;Bollide;Bollide;Bollide;Bollide;Bollide;Bollide;Bollide;Bollide;Bollide;Bollide;Bollide;Bollide;Bollide;Bollide;Bollide;Bollide;Bollide;Bollide;Bollide;Bollide;Bollide;Bollide;Bollide;Bollide;Bollide;Bollide;Bollide;Bollide;Bollide;Bollide;Bollide;Bollide;Bollide;Bollide;Bollide;Beuler;Beuler;Beuler;Beuler;Beuler;Beuler;Beuler;Beuler;Beuler;Beuler;Beuler;Beuler;Beuler;Beuler;Beuler;Beuler;Beuler;Beuler;Cwb10;Cwb10;Cwb10;Cwb10;Cwb10;Cwb10;Cwb10;Cwb10;Cwb10;Cwb10;Cwb10;Cwb10;Cwb10;Cwb10;Cwb10;Cwb10;Cwb10;Cwb10;Cwb10;Cwb10;Cwb10;Cwb10;Cwb10;Cwb10;Cwb10;Cwb10;Cwb10;Cwb10;Cwb10;Cwb10;Cwb10;Cwb10;Cwb10;Cwb10;Cwb10;Cwb10;Cwb10;Cwb10;Cwb10;Cwb10;Cwb10;Cwb10;Cwb10;Cwb10;Cwb10;Cwb10;Cwb10;Cwb10;Cwb10;Cwb10;Cwb10;Cwb10;Cwb10;Cwb10;Cwb10;Cwb10;Cwb10;Cwb10;Cwb10;Cwb10;Cwb10;Cwb10;Cwb10;Cwb10;Cwb10;Cwb10;Cwb10;Cwb10;Cwb10;Cwb10;Cwb10;Cwb10;Cwb10;Cwb10;Cwb10;Cwb10;Cwb10;Cwb10;Cwb10;Cwb10;Cwb10
26,Sabre Comet,Hurricane,,185,195,10,0,0,0,0,true,Upgrade - Sabre Comet to Hurricane Standard Edition,Foranid;Foranid;Foranid;Foranid;Foranid;Foranid;Foranid;Foranid;Foranid;Foranid;Foranid;Foranid;Foranid;Foranid;Foranid;Foranid;Foranid;Foranid;Foranid;Foranid;Foranid;Foranid;Foranid;Foranid;Foranid;Foranid
23,Cutlass Blue,Hurricane,,175,195,20,0,0,0,0,true,Upgrade - Cutlass Blue to Hurricane Standard Edition,Foranid;Foranid;Foranid;Foranid;Foranid;Foranid;Foranid;Foranid;Foranid;Foranid;Foranid;Foranid;Foranid;Foranid;Foranid;Foranid;Foranid;Foranid;Foranid;Foranid;Foranid;Foranid;Foranid
95,F7C-M Super Hornet,Hurricane,,180,195,15,0,0,0,0,true,Upgrade - F7C-M Super Hornet to Hurricane Standard Edition,Bollide;Bollide;Bollide;Bollide;Bollide;Bollide;Bollide;Bollide;Bollide;Bollide;Bollide;Bollide;Bollide;Bollide;Bollide;Bollide;Bollide;Bollide;Bollide;Bollide;Bollide;Bollide;Bollide;Bollide;Bollide;Bollide;Bollide;Bollide;Bollide;Bollide;Bollide;Bollide;Bollide;Bollide;Bollide;Bollide;Bollide;Bollide;Bollide;Bollide;Bollide;Bollide;Bollide;Bollide;Bollide;Bollide;Bollide;Bollide;Bollide;Bollide;Bollide;Bollide;Bollide;Bollide;Bollide;Bollide;Bollide;Bollide;Bollide;Bollide;Bollide;Bollide;Bollide;Bollide;Bollide;Bollide;Beuler;Beuler;Beuler;Beuler;Beuler;Beuler;Beuler;Beuler;Beuler;Beuler;Beuler;Beuler;Beuler;Beuler;Beuler;Beuler;Beuler;Beuler;Beuler;Beuler;Beuler;Beuler;Beuler;Beuler;Beuler;Beuler;Beuler;Beuler;Beuler
15,Prospector,Hurricane,,155,195,40,0,0,0,0,true,Upgrade - Prospector to Hurricane Standard Edition,Bollide;Bollide;Bollide;Bollide;Bollide;Beuler;Beuler;Beuler;Beuler;Beuler;Beuler;Beuler;Beuler;Beuler;Beuler
4,Sabre,Hurricane,,170,195,25,0,0,0,0,true,Upgrade - Sabre to Hurricane Standard Edition,Beuler;Beuler;Beuler;Beuler
10,Gladiator,Hurricane,,165,195,30,0,0,0,0,true,Upgrade - Gladiator to Hurricane Standard Edition,Beuler;Beuler;Beuler;Beuler;Beuler;Beuler;Beuler;Beuler;Beuler;Beuler
9,Prospector,Khartu-Al,,155,170,15,0,0,0,0,true,Upgrade - Prospector to Khartu-Al Standard Edition,Foranid;Bollide;Bollide;Bollide;Bollide;Bollide;Bollide;Bollide;Bollide
74,Freelancer,Legionnaire,,110,120,10,0,0,0,0,true,Upgrade - Freelancer to Legionnaire Standard Edition,Bollide;Bollide;Bollide;Bollide;Bollide;Cwb10;Cwb10;Cwb10;Cwb10;Cwb10;Cwb10;Cwb10;Cwb10;Cwb10;Cwb10;Cwb10;Cwb10;Cwb10;Cwb10;Cwb10;Cwb10;Cwb10;Cwb10;Cwb10;Cwb10;Cwb10;Cwb10;Cwb10;Cwb10;Cwb10;Cwb10;Cwb10;Cwb10;Cwb10;Cwb10;Cwb10;Cwb10;Cwb10;Cwb10;Cwb10;Cwb10;Cwb10;Cwb10;Cwb10;Cwb10;Cwb10;Cwb10;Cwb10;Cwb10;Cwb10;Cwb10;Cwb10;Cwb10;Cwb10;Cwb10;Cwb10;Cwb10;Cwb10;Cwb10;Cwb10;Cwb10;Cwb10;Cwb10;Cwb10;Cwb10;Cwb10;Cwb10;Cwb10;Cwb10;Cwb10;Cwb10;Cwb10;Cwb10;Cwb10
10,M2 Hercules,Liberator,,520,575,55,0,0,0,0,true,Upgrade - M2 Hercules to Liberator Standard Edition,Bollide;Bollide;Bollide;Bollide;Bollide;Cwb10;Cwb10;Cwb10;Cwb10;Cwb10
10,600i Explorer,M2 Hercules,,475,520,45,0,0,0,0,true,Upgrade - 600i Explorer to M2 Hercules Standard Edition,Foranid;Foranid;Foranid;Foranid;Foranid;Foranid;Foranid;Foranid;Foranid;Foranid
22,Prowler,M2 Hercules,,440,520,80,0,0,0,0,true,Upgrade - Prowler to M2 Hercules Standard Edition,Foranid;Foranid;Foranid;Foranid;Foranid;Foranid;Bollide;Beuler;Beuler;Beuler;Beuler;Beuler;Beuler;Beuler;Beuler;Beuler;Beuler;Beuler;Beuler;Beuler;Beuler;Beuler
1,Aurora MR,M2 Hercules,,30,520,490,0,0,0,0,true,Upgrade - Aurora MR to M2 Hercules Standard Edition,Bollide
2,Valkyrie,M2 Hercules,,375,520,145,0,0,0,0,true,Upgrade - Valkyrie to M2 Hercules Standard Edition,Bollide;Bollide
16,C2 Hercules,M2 Hercules,,400,520,120,0,0,0,0,true,Upgrade - C2 Hercules to M2 Hercules Standard Edition,Cwb10;Cwb10;Cwb10;Cwb10;Cwb10;Cwb10;Cwb10;Cwb10;Cwb10;Cwb10;Cwb10;Cwb10;Cwb10;Cwb10;Cwb10;Cwb10
25,Gladius,M50,,90,100,10,0,0,0,0,true,Upgrade - Gladius to M50 Standard Edition,Foranid;Foranid;Foranid;Foranid;Foranid;Bollide;Bollide;Bollide;Bollide;Bollide;Bollide;Bollide;Bollide;Bollide;Bollide;Bollide;Bollide;Bollide;Bollide;Bollide;Bollide;Bollide;Bollide;Bollide;Bollide
2,Arrow,M50,,75,100,25,0,0,0,0,true,Upgrade - Arrow to M50,Foranid;Foranid
2,Ranger RC,M50,,35,100,65,0,0,0,0,true,Ship Upgrades - Ranger RC to M50 Upgrade,Foranid;Foranid
5,Reclaimer,Merchantman,,400,650,250,0,0,0,0,true,Upgrade - Reclaimer to Merchantman Standard Edition,Foranid;Foranid;Foranid;Foranid;Foranid
3,Prowler,Merchantman,,440,650,210,0,0,0,0,true,Upgrade - Prowler to Merchantman Standard Edition,Foranid;Foranid;Foranid
10,600i Touring,Merchantman,,435,650,215,0,0,0,0,true,Upgrade - 600i Touring to Merchantman Standard Edition,Foranid;Foranid;Foranid;Foranid;Foranid;Foranid;Foranid;Foranid;Foranid;Foranid
15,MOLE,Merchantman,,315,650,335,0,0,0,0,true,Upgrade - Argo Mole to Merchantman Standard Edition,Bollide;Bollide;Bollide;Bollide;Bollide;Bollide;Bollide;Bollide;Bollide;Bollide;Bollide;Bollide;Bollide;Bollide;Bollide
3,Corsair,Mercury,,250,260,10,0,0,0,0,true,Upgrade - Corsair to Mercury Standard Edition,Cwb12;Cwb12;Cwb12
113,Ares Inferno,Mercury,,250,260,10,0,0,0,0,true,Upgrade - Ares Inferno  to Mercury Standard Edition,Foranid;Foranid;Foranid;Foranid;Foranid;Foranid;Foranid;Foranid;Foranid;Bollide;Bollide;Bollide;Bollide;Bollide;Bollide;Bollide;Bollide;Bollide;Bollide;Bollide;Cwb10;Cwb10;Cwb10;Cwb10;Cwb10;Cwb10;Cwb10;Cwb10;Cwb10;Cwb10;Cwb10;Cwb10;Cwb10;Cwb10;Cwb10;Cwb10;Cwb10;Cwb10;Cwb10;Cwb10;Cwb10;Cwb10;Cwb10;Cwb10;Cwb10;Cwb10;Cwb10;Cwb10;Cwb10;Cwb10;Cwb10;Cwb10;Cwb10;Cwb10;Cwb10;Cwb10;Cwb10;Cwb10;Cwb10;Cwb10;Cwb10;Cwb10;Cwb10;Cwb10;Cwb10;Cwb10;Cwb10;Cwb10;Cwb10;Cwb10;Cwb10;Cwb10;Cwb10;Cwb10;Cwb10;Cwb10;Cwb10;Cwb10;Cwb10;Cwb10;Cwb10;Cwb10;Cwb10;Cwb10;Cwb10;Cwb10;Cwb10;Cwb10;Cwb10;Cwb10;Cwb10;Cwb10;Cwb10;Cwb10;Cwb10;Cwb10;Cwb10;Cwb10;Cwb10;Cwb10;Cwb10;Cwb10;Cwb10;Cwb10;Cwb10;Cwb10;Cwb10;Cwb10;Cwb10;Cwb10;Cwb10;Cwb10;Cwb10
1,Freelancer,Mercury,,110,260,115,35,0,0,0,true,Ship Upgrades - Freelancer to Mercury Star Runner Upgrade,Foranid
5,Terrapin,Mercury,,220,260,40,0,0,0,0,true,Upgrade - Terrapin to Mercury Star Runner Standard Edition,Bollide;Bollide;Bollide;Bollide;Bollide
6,Constellation Andromeda,Mercury,,240,260,20,0,0,0,0,true,Upgrade - Constellation Andromeda to Mercury Standard Edition,Cwb10;Cwb10;Cwb10;Cwb10;Cwb10;Cwb10
10,Constellation Aquila,MOLE,,310,315,5,0,0,0,0,true,Upgrade - Constellation Aquila to Argo Mole,Foranid;Foranid;Foranid;Foranid;Foranid;Foranid;Foranid;Foranid;Foranid;Foranid
2,Defender,MOLE,,220,315,95,0,0,0,0,true,Upgrade - Defender to MOLE Standard Edition,Bollide;Cwb10
1,Nomad,MOLE,,80,315,235,0,0,0,0,true,Upgrade - CNOU Nomad to Argo Mole Standard Edition,Bollide
1,Eclipse,MOLE,,300,315,15,0,0,0,0,true,Upgrade - Eclipse to Argo Mole Standard Edition,Bollide
5,HoverQuad,MPUV C,,30,35,5,0,0,0,0,true,Upgrade - HoverQuad to MPUV Cargo Standard Edition,Cwb10;Cwb10;Cwb10;Cwb10;Cwb10
21,300i,Mustang Delta,,60,65,5,0,0,0,0,true,Upgrade - 300i to Mustang Delta Standard Edition,Foranid;Foranid;Foranid;Foranid;Foranid;Bollide;Bollide;Bollide;Bollide;Bollide;Bollide;Bollide;Bollide;Bollide;Bollide;Bollide;Beuler;Beuler;Beuler;Beuler;Beuler
13,125a,Mustang Delta,,60,65,5,0,0,0,0,true,Upgrade - 125a to Mustang Delta Standard Edition,Bollide;Bollide;Bollide;Bollide;Bollide;Cwb10;Cwb10;Cwb10;Cwb10;Cwb10;Cwb10;Cwb10;Cwb10
8,Odyssey,Nautilus,,700,725,25,0,0,0,0,true,Upgrade - Odyssey to Nautilus  Standard Edition,Cwb12;Cwb12;Cwb12;Cwb10;Cwb10;Cwb10;Cwb10;Cwb10
12,Carrack,Nautilus,,600,725,125,0,0,0,0,true,Upgrade - Carrack to Nautilus  Standard Edition,Foranid;Foranid;Cwb10;Cwb10;Cwb10;Cwb10;Cwb10;Cwb10;Cwb10;Cwb10;Cwb10;Cwb10
1,Constellation Aquila,Nautilus,,310,725,415,0,0,0,0,true,Ship Upgrades - Constellation Aquila to Nautilus  Upgrade,Foranid
19,Merchantman,Nautilus,,650,725,75,0,0,0,0,true,Upgrade - Merchantman to Nautilus  Standard Edition,Bollide;Bollide;Bollide;Bollide;Beuler;Beuler;Beuler;Beuler;Beuler;Cwb10;Cwb10;Cwb10;Cwb10;Cwb10;Cwb10;Cwb10;Cwb10;Cwb10;Cwb10
14,Perseus,Nautilus,,675,725,50,0,0,0,0,true,Upgrade - Perseus to Nautilus  Standard Edition,Bollide;Bollide;Bollide;Bollide;Bollide;Bollide;Bollide;Bollide;Bollide;Beuler;Beuler;Beuler;Beuler;Beuler
1,ROC-DS,Nomad,,75,80,5,0,0,0,0,true,Upgrade - ROC-DS to Nomad Standard Edition,Bollide
1,Mule,Nomad,,45,80,35,0,0,0,0,true,Upgrade - Mule to Nomad Standard Edition,Cwb10
6,Centurion,Nova,,110,120,10,0,0,0,0,true,Upgrade - Centurion to Nova Standard Edition,Cwb12;Cwb12;Cwb12;Cwb12;Cwb12;Cwb10
8,F7C Hornet,Nova,,110,120,10,0,0,0,0,true,Upgrade - F7C Hornet to Nova Standard Edition,Bollide;Bollide;Bollide;Bollide;Bollide;Cwb10;Cwb10;Cwb10
26,Freelancer,Nova,,110,120,10,0,0,0,0,true,Upgrade - Freelancer to Nova Standard Edition,Bollide;Bollide;Bollide;Bollide;Bollide;Cwb10;Cwb10;Cwb10;Cwb10;Cwb10;Cwb10;Cwb10;Cwb10;Cwb10;Cwb10;Cwb10;Cwb10;Cwb10;Cwb10;Cwb10;Cwb10;Cwb10;Cwb10;Cwb10;Cwb10;Cwb10
5,Dragonfly Black,Nox,,40,45,5,0,0,0,0,true,Upgrade - Dragonfly Black to Nox Standard Edition,Foranid;Foranid;Foranid;Foranid;Beuler
4,Carrack Expedition w/C8X,Odyssey,,645,700,55,0,0,0,0,true,Upgrade - Carrack Expedition w/C8X to Odyssey Standard Edition,Foranid;Foranid;Foranid;stuk
10,Perseus,Odyssey,,675,700,25,0,0,0,0,true,Upgrade - Perseus to Odyssey Standard Edition,Bollide;Bollide;Bollide;Bollide;Bollide;Bollide;Bollide;Bollide;Bollide;Bollide
5,Carrack,Odyssey,,600,700,100,0,0,0,0,true,Upgrade - Carrack to Odyssey Standard Edition,Bollide;Beuler;Beuler;Beuler;Beuler
5,Merchantman,Odyssey,,650,700,50,0,0,0,0,true,Upgrade - Merchantman to Odyssey Standard Edition,Cwb10;Cwb10;Cwb10;Cwb10;Cwb10
7,M2 Hercules,Orion,,520,575,55,0,0,0,0,true,Upgrade - M2 Hercules to Orion Standard Edition,Foranid;Foranid;Foranid;Foranid;Foranid;Foranid;Foranid
5,600i Explorer,Orion,,475,575,100,0,0,0,0,true,Upgrade - 600i Explorer to Orion Standard Edition,Cwb10;Cwb10;Cwb10;Cwb10;Cwb10
66,Carrack,Perseus,,600,675,75,0,0,0,0,true,Upgrade - Carrack to Perseus Standard Edition,Morgang freeman;Foranid;Foranid;Foranid;Foranid;Foranid;Foranid;Foranid;Foranid;Foranid;Foranid;Foranid;Foranid;Foranid;Foranid;Foranid;Foranid;Foranid;Bollide;Bollide;Bollide;Bollide;Bollide;Bollide;Bollide;Bollide;Bollide;Bollide;Bollide;Bollide;Bollide;Bollide;Bollide;Bollide;Bollide;Bollide;Bollide;Bollide;Bollide;Bollide;Bollide;Bollide;Bollide;Bollide;Bollide;Bollide;Bollide;Beuler;Beuler;Beuler;Beuler;Beuler;Beuler;Beuler;Beuler;Beuler;Beuler;Beuler;Beuler;Beuler;Beuler;Cwb10;Cwb10;Cwb10;Cwb10;Cwb10
1,Carrack Expedition w/C8X,Perseus,,645,675,30,0,0,0,0,true,Upgrade - Carrack Expedition w/C8X to RSI Perseus Standard Edition,Morgang freeman
9,Merchantman,Perseus,,650,675,25,0,0,0,0,true,Upgrade - Merchantman to Perseus Standard Edition,Bollide;Bollide;Bollide;Bollide;Cwb10;Cwb10;Cwb10;Cwb10;Cwb10
54,Hammerhead,Polaris,,725,750,25,0,0,0,0,true,Upgrade - Hammerhead to Polaris Standard Edition,Bollide;Bollide;Bollide;Bollide;Bollide;Bollide;Bollide;Bollide;Bollide;Bollide;Bollide;Bollide;Bollide;Bollide;Bollide;Bollide;Bollide;Bollide;Bollide;Bollide;Bollide;Bollide;Bollide;Bollide;Beuler;Beuler;Beuler;Beuler;Beuler;Beuler;Beuler;Beuler;Beuler;Beuler;Cwb10;Cwb10;Cwb10;Cwb10;Cwb10;Cwb10;Cwb10;Cwb10;Cwb10;Cwb10;Cwb10;Cwb10;Cwb10;Cwb10;Cwb10;Cwb10;Cwb10;Cwb10;Cwb10;Cwb10
7,Merchantman,Polaris,,650,750,100,0,0,0,0,true,Upgrade - Merchantman to Polaris Standard Edition,Bollide;Bollide;Bollide;Beuler;Beuler;Beuler;Beuler
5,Nautilus,Polaris,,725,750,25,0,0,0,0,true,Upgrade - Nautilus  to Polaris Standard Edition,Bollide;Bollide;Bollide;Bollide;Bollide
1,Carrack,Polaris,,600,750,150,0,0,0,0,true,Upgrade - Carrack to Polaris Standard Edition,Bollide
1,HoverQuad,Polaris,,30,750,720,0,0,0,0,true,Upgrade - HoverQuad to Polaris Standard Edition,Beuler
4,C8R Pisces,Prospector,,65,155,90,0,0,0,0,true,Upgrade - C8R Pisces to Prospector Standard Edition,Cwb12;Cwb12;Cwb12;Cwb10
5,Talon,Prospector,,115,155,40,0,0,0,0,true,Upgrade - Esperia Talon to Prospector Standard Edition,Foranid;Foranid;Bollide;Bollide;Bollide
1,Freelancer MAX,Prospector,,150,155,5,0,0,0,0,true,Upgrade - Freelancer MAX to Prospector Standard Edition,Foranid
4,Nomad,Prospector,,80,155,75,0,0,0,0,true,Upgrade - CNOU Nomad to Prospector Standard Edition,Foranid;Bollide;Bollide;Bollide
1,350r,Prospector,,125,155,30,0,0,0,0,true,Upgrade - 350r to Prospector Standard Edition,Foranid
1,Spartan,Prospector,,80,155,75,0,0,0,0,true,Upgrade - Spartan to Prospector Standard Edition,Bollide
2,Reliant Kore,Prospector,,65,155,90,0,0,0,0,true,Upgrade - Reliant Kore to Prospector Standard Edition,Bollide;Bollide
3,Cyclone MT,Prospector,,75,155,80,0,0,0,0,true,Upgrade - Cyclone MT to Prospector Standard Edition,Bollide;Bollide;Bollide
3,Cutlass Red,Prospector,,135,155,20,0,0,0,0,true,Upgrade - Cutlass Red to Prospector Standard Edition,Bollide;Bollide;Beuler
1,Gladius,Prospector,,90,155,65,0,0,0,0,true,Upgrade - Gladius to Prospector Standard Edition,Bollide
1,Razor,Prospector,,145,155,10,0,0,0,0,true,Upgrade - Razor to Prospector Standard Edition,Beuler
2,Aurora ES,Prospector,,20,155,135,0,0,0,0,true,Upgrade - Aurora ES to Prospector Standard Edition,Beuler;Beuler
2,100i,Prospector,,50,155,105,0,0,0,0,true,Upgrade - 100i to Prospector Standard Edition,Beuler;Beuler
1,Aurora MR,Prospector,,30,155,125,0,0,0,0,true,Upgrade - Aurora MR to Prospector Standard Edition,Beuler
2,RAFT,Prospector,,125,155,30,0,0,0,0,true,Upgrade - RAFT to Prospector Standard Edition,Beuler;Cwb10
1,Mule,Prospector,,45,155,110,0,0,0,0,true,Upgrade - Mule to Prospector Standard Edition,Cwb10
8,Reclaimer,Prowler,,400,440,40,0,0,0,0,true,Upgrade - Reclaimer to Prowler,Foranid;Foranid;Foranid;Foranid;Foranid;Foranid;Foranid;Foranid
33,Valkyrie,Prowler,,375,440,65,0,0,0,0,true,Upgrade - Valkyrie to Prowler Subscriber Edition,Foranid;Foranid;Foranid;Bollide;Bollide;Bollide;Bollide;Bollide;Bollide;Bollide;Bollide;Bollide;Bollide;Bollide;Bollide;Bollide;Bollide;Bollide;Beuler;Beuler;Beuler;Beuler;Beuler;Beuler;Beuler;Beuler;Beuler;Beuler;Cwb10;Cwb10;Cwb10;Cwb10;Cwb10
41,600i Touring,Prowler,,435,440,5,0,0,0,0,true,Upgrade - 600i Touring to Prowler Subscriber Edition,Foranid;Foranid;Foranid;Foranid;Foranid;Foranid;Foranid;Foranid;Foranid;Foranid;Bollide;Bollide;Bollide;Bollide;Bollide;Bollide;Bollide;Bollide;Bollide;Bollide;Bollide;Bollide;Bollide;Bollide;Bollide;Bollide;Bollide;Bollide;Bollide;Bollide;Bollide;Beuler;Beuler;Beuler;Beuler;Beuler;Cwb10;Cwb10;Cwb10;Cwb10;Cwb10
4,Genesis,Prowler,,400,440,40,0,0,0,0,true,Upgrade - Genesis Starliner to Prowler Subscriber Edition,Foranid;Foranid;Foranid;Foranid
30,C2 Hercules,Prowler,,400,440,40,0,0,0,0,true,Upgrade - C2 Hercules to Prowler Standard Edition,Beuler;Beuler;Beuler;Beuler;Beuler;Beuler;Beuler;Beuler;Beuler;Beuler;Beuler;Beuler;Beuler;Beuler;Beuler;Beuler;Beuler;Beuler;Beuler;Beuler;Beuler;Beuler;Beuler;Beuler;Beuler;Cwb10;Cwb10;Cwb10;Cwb10;Cwb10
4,Redeemer,Prowler,,325,440,115,0,0,0,0,true,Upgrade - Redeemer to Prowler Standard Edition,Beuler;Beuler;Beuler;Beuler
9,Nova,RAFT,,120,125,5,0,0,0,0,true,Upgrade - Nova to RAFT Standard Edition,Foranid;Foranid;Foranid;Foranid;Bollide;Bollide;Bollide;Bollide;Bollide
26,Freelancer,RAFT,,110,125,15,0,0,0,0,true,Upgrade - Freelancer to RAFT Subscribers Edition,Cwb10;Cwb10;Cwb10;Cwb10;Cwb10;Cwb10;Cwb10;Cwb10;Cwb10;Cwb10;Cwb10;Cwb10;Cwb10;Cwb10;Cwb10;Cwb10;Cwb10;Cwb10;Cwb10;Cwb10;Cwb10;Cwb10;Cwb10;Cwb10;Cwb10;Cwb10
5,F7C Hornet,RAFT,,110,125,15,0,0,0,0,true,Upgrade - F7C Hornet to RAFT Subscribers Edition,Cwb10;Cwb10;Cwb10;Cwb10;Cwb10
32,Terrapin,Railen,,220,225,5,0,0,0,0,true,Upgrade - Terrapin to Railen,Foranid;Foranid;Foranid;Foranid;Foranid;Foranid;Foranid;Bollide;Bollide;Bollide;Bollide;Bollide;Bollide;Bollide;Bollide;Bollide;Bollide;Bollide;Bollide;Bollide;Bollide;Bollide;Bollide;Bollide;Bollide;Bollide;Bollide;Bollide;Bollide;Beuler;Beuler;Beuler
7,Defender,Railen,,220,225,5,0,0,0,0,true,Upgrade - Banu Defender to Railen,Foranid;Foranid;Foranid;Foranid;Foranid;Cwb10;Cwb10
2,Vulcan,Railen,,200,225,25,0,0,0,0,true,Upgrade - Vulcan to Railen,Beuler;Beuler
10,Aurora ES,Ranger TR,,20,40,20,0,0,0,0,true,Upgrade - Aurora ES to Ranger TR Standard Edition,Bollide;Bollide;Bollide;Bollide;Bollide;Beuler;Beuler;Beuler;Beuler;Beuler
5,MPUV C,Ranger TR,,35,40,5,0,0,0,0,true,Upgrade - MPUV Cargo to Ranger TR Standard Edition,Cwb10;Cwb10;Cwb10;Cwb10;Cwb10
7,Ballista,Razor,,140,145,5,0,0,0,0,true,Upgrade - Anvil Ballista  to Razor Standard Edition,Foranid;Foranid;Foranid;Foranid;Cwb10;Cwb10;Cwb10
10,Razor LX,Razor EX,,150,155,5,0,0,0,0,true,Upgrade - Razor LX to Razor EX Standard Edition,Foranid;Foranid;Foranid;Foranid;Foranid;Foranid;Foranid;Foranid;Foranid;Foranid
30,Mantis,Razor EX,,150,155,5,0,0,0,0,true,Upgrade - Mantis to Razor EX Standard Edition,Foranid;Foranid;Foranid;Foranid;Foranid;Foranid;Foranid;Foranid;Foranid;Foranid;Foranid;Foranid;Foranid;Foranid;Foranid;Foranid;Bollide;Bollide;Bollide;Bollide;Bollide;Cwb10;Cwb10;Cwb10;Cwb10;Cwb10;Cwb10;Cwb10;Cwb10;Cwb10
2,Freelancer MAX,Razor EX,,150,155,5,0,0,0,0,true,Upgrade - Freelancer MAX to Razor EX Standard Edition,Cwb10;Cwb10
14,Razor,Razor LX,,145,150,5,0,0,0,0,true,Upgrade - Razor to Razor LX Standard Edition,Foranid;Foranid;Foranid;Foranid;Foranid;Foranid;Foranid;Foranid;Foranid;Foranid;Foranid;Foranid;Foranid;Foranid
1,F7C-R Hornet Tracker,Razor LX,,140,150,10,0,0,0,0,true,Ship Upgrades - F7C-R Hornet Tracker to Razor LX Upgrade,Foranid
11,Ballista,Razor LX,,140,150,10,0,0,0,0,true,Upgrade - Ballista  to Razor LX Standard Edition,Bollide;Bollide;Bollide;Bollide;Bollide;Cwb10;Cwb10;Cwb10;Cwb10;Cwb10;Cwb10
9,MOLE,Reclaimer,,315,400,85,0,0,0,0,true,Upgrade - Argo Mole to Reclaimer Standard Edition,Foranid;Foranid;Foranid;Foranid;Foranid;Foranid;Foranid;Foranid;Foranid
21,Valkyrie,Reclaimer,,375,400,25,0,0,0,0,true,Upgrade - Valkyrie to Reclaimer Standard Edition,Foranid;Foranid;Foranid;Foranid;Foranid;Foranid;Foranid;Foranid;Foranid;Foranid;Foranid;Foranid;Foranid;Foranid;Foranid;Bollide;Bollide;Bollide;Bollide;Bollide;Bollide
52,Constellation Andromeda,Redeemer,,240,325,85,0,0,0,0,true,Upgrade - Constellation Andromeda to Redeemer Standard Edition,Foranid;Foranid;Foranid;Foranid;Foranid;Foranid;Foranid;Foranid;Foranid;Foranid;Foranid;Foranid;Foranid;Foranid;Foranid;Foranid;Foranid;Foranid;Bollide;Bollide;Bollide;Bollide;Bollide;Bollide;Bollide;Bollide;Bollide;Bollide;Bollide;Bollide;Bollide;Bollide;Bollide;Bollide;Bollide;Bollide;Bollide;Bollide;Bollide;Bollide;Bollide;Bollide;Bollide;Bollide;Bollide;Bollide;Bollide;Bollide;Bollide;Bollide;Bollide;Cwb10
10,Vanguard Hoplite,Redeemer,,235,325,90,0,0,0,0,true,Upgrade - Vanguard Hoplite to Redeemer Standard Edition,Foranid;Foranid;Foranid;Foranid;Foranid;Foranid;Foranid;Foranid;Foranid;Foranid
157,MOLE,Redeemer,,315,325,10,0,0,0,0,true,Upgrade - MOLE to Redeemer Standard Edition,Bollide;Beuler;Beuler;Beuler;Beuler;Beuler;Beuler;Beuler;Beuler;Beuler;Beuler;Beuler;Beuler;Beuler;Beuler;Beuler;Beuler;Cwb10;Cwb10;Cwb10;Cwb10;Cwb10;Cwb10;Cwb10;Cwb10;Cwb10;Cwb10;Cwb10;Cwb10;Cwb10;Cwb10;Cwb10;Cwb10;Cwb10;Cwb10;Cwb10;Cwb10;Cwb10;Cwb10;Cwb10;Cwb10;Cwb10;Cwb10;Cwb10;Cwb10;Cwb10;Cwb10;Cwb10;Cwb10;Cwb10;Cwb10;Cwb10;Cwb10;Cwb10;Cwb10;Cwb10;Cwb10;Cwb10;Cwb10;Cwb10;Cwb10;Cwb10;Cwb10;Cwb10;Cwb10;Cwb10;Cwb10;Cwb10;Cwb10;Cwb10;Cwb10;Cwb10;Cwb10;Cwb10;Cwb10;Cwb10;Cwb10;Cwb10;Cwb10;Cwb10;Cwb10;Cwb10;Cwb10;Cwb10;Cwb10;Cwb10;Cwb10;Cwb10;Cwb10;Cwb10;Cwb10;Cwb10;Cwb10;Cwb10;Cwb10;Cwb10;Cwb10;Cwb10;Cwb10;Cwb10;Cwb10;Cwb10;Cwb10;Cwb10;Cwb10;Cwb10;Cwb10;Cwb10;Cwb10;Cwb10;Cwb10;Cwb10;Cwb10;Cwb10;Cwb10;Cwb10;Cwb10;Cwb10;Cwb10;Cwb10;Cwb10;Cwb10;Cwb10;Cwb10;Cwb10;Cwb10;Cwb10;Cwb10;Cwb10;Cwb10;Cwb10;Cwb10;Cwb10;Cwb10;Cwb10;Cwb10;Cwb10;Cwb10;Cwb10;Cwb10;Cwb10;Cwb10;Cwb10;Cwb10;Cwb10;Cwb10;Cwb10;Cwb10;Cwb10;Cwb10;Cwb10;Cwb10;Cwb10;Cwb10;Cwb10;Cwb10;Cwb10
2,Aurora ES,Reliant Kore,,20,65,45,0,0,0,0,true,Upgrade - Aurora ES to Reliant Kore Standard Edition,Foranid;Foranid
18,Gladius,Reliant Mako,,90,95,5,0,0,0,0,true,Upgrade - Gladius to Reliant Mako Standard Edition,Foranid;Foranid;Foranid;Foranid;Foranid;Foranid;Foranid;Foranid;Foranid;Bollide;Bollide;Bollide;Bollide;Bollide;Cwb10;Cwb10;Cwb10;Cwb10
5,Hull A,Reliant Mako,,90,95,5,0,0,0,0,true,Upgrade - Hull A to Reliant Mako Standard Edition,Cwb10;Cwb10;Cwb10;Cwb10;Cwb10
5,Spartan,Reliant Sen,,80,85,5,0,0,0,0,true,Upgrade - Spartan to Reliant Sen Standard Edition,Foranid;Foranid;Foranid;Foranid;Foranid
18,Nomad,Reliant Sen,,80,85,5,0,0,0,0,true,Upgrade - CNOU Nomad to Reliant Sen Standard Edition,Foranid;Foranid;Foranid;Foranid;Foranid;Foranid;Foranid;Foranid;Cwb10;Cwb10;Cwb10;Cwb10;Cwb10;Cwb10;Cwb10;Cwb10;Cwb10;Cwb10
21,325a,Reliant Tana,,70,75,5,0,0,0,0,true,Upgrade - 325a to Reliant Tana Standard Edition,Foranid;Foranid;Bollide;Bollide;Bollide;Bollide;Bollide;Bollide;Bollide;Cwb10;Cwb10;Cwb10;Cwb10;Cwb10;Cwb10;Cwb10;Cwb10;Cwb10;Cwb10;Cwb10;Cwb10
102,Ballista,Retaliator,,140,150,10,0,0,0,0,true,Upgrade - Anvil Ballista  to Retaliator Base Standard Edition,Foranid;Foranid;Foranid;Foranid;Foranid;Foranid;Foranid;Foranid;Foranid;Foranid;Foranid;Foranid;Foranid;Foranid;Foranid;Foranid;Foranid;Foranid;Foranid;Foranid;Foranid;Foranid;Foranid;Foranid;Foranid;Foranid;Foranid;Foranid;Foranid;Foranid;Foranid;Foranid;Foranid;Foranid;Foranid;Bollide;Bollide;Bollide;Bollide;Bollide;Bollide;Bollide;Bollide;Bollide;Bollide;Bollide;Bollide;Bollide;Bollide;Bollide;Bollide;Bollide;Bollide;Bollide;Bollide;Bollide;Bollide;Bollide;Bollide;Bollide;Bollide;Bollide;Bollide;Bollide;Bollide;Beuler;Beuler;Beuler;Cwb10;Cwb10;Cwb10;Cwb10;Cwb10;Cwb10;Cwb10;Cwb10;Cwb10;Cwb10;Cwb10;Cwb10;Cwb10;Cwb10;Cwb10;Cwb10;Cwb10;Cwb10;Cwb10;Cwb10;Cwb10;Cwb10;Cwb10;Cwb10;Cwb10;Cwb10;Cwb10;Cwb10;Cwb10;Cwb10;Cwb10;Cwb10;Cwb10;Cwb10
71,Mercury,Retaliator Bomber,,260,275,15,0,0,0,0,true,Upgrade - Mercury Star Runner to Retaliator Bomber Standard Edition,Foranid;Foranid;Foranid;Foranid;Foranid;Foranid;Foranid;Foranid;Foranid;Foranid;Foranid;Bollide;Bollide;Bollide;Bollide;Bollide;Bollide;Bollide;Bollide;Bollide;Bollide;Bollide;Bollide;Bollide;Bollide;Bollide;Bollide;Bollide;Bollide;Bollide;Bollide;Bollide;Bollide;Bollide;Bollide;Bollide;Bollide;Bollide;Bollide;Bollide;Bollide;Bollide;Bollide;Bollide;Bollide;Bollide;Beuler;Beuler;Beuler;Beuler;Beuler;Beuler;Beuler;Beuler;Beuler;Beuler;Cwb10;Cwb10;Cwb10;Cwb10;Cwb10;Cwb10;Cwb10;Cwb10;Cwb10;Cwb10;Cwb10;Cwb10;Cwb10;Cwb10;Cwb10
5,Constellation Andromeda,Retaliator Bomber,,240,275,35,0,0,0,0,true,Upgrade - Constellation Andromeda to Retaliator Bomber Standard Edition,Foranid;Foranid;Foranid;Foranid;Foranid
39,Vanguard Warden,Retaliator Bomber,,260,275,15,0,0,0,0,true,Upgrade - Vanguard Warden to Retaliator Bomber Standard Edition,Bollide;Bollide;Bollide;Bollide;Bollide;Bollide;Beuler;Beuler;Beuler;Cwb10;Cwb10;Cwb10;Cwb10;Cwb10;Cwb10;Cwb10;Cwb10;Cwb10;Cwb10;Cwb10;Cwb10;Cwb10;Cwb10;Cwb10;Cwb10;Cwb10;Cwb10;Cwb10;Cwb10;Cwb10;Cwb10;Cwb10;Cwb10;Cwb10;Cwb10;Cwb10;Cwb10;Cwb10;Cwb10
10,Ares Inferno,Retaliator Bomber,,250,275,25,0,0,0,0,true,Upgrade - Ares Inferno  to Retaliator Bomber Standard Edition,Cwb10;Cwb10;Cwb10;Cwb10;Cwb10;Cwb10;Cwb10;Cwb10;Cwb10;Cwb10
123,Prospector,Sabre,,155,170,15,0,0,0,0,true,Upgrade - Prospector to Sabre Standard Edition,Foranid;Foranid;Foranid;Foranid;Foranid;Foranid;Foranid;Foranid;Foranid;Foranid;Foranid;Foranid;Foranid;Foranid;Foranid;Foranid;Bollide;Bollide;Bollide;Bollide;Bollide;Bollide;Bollide;Bollide;Bollide;Bollide;Bollide;Bollide;Bollide;Bollide;Bollide;Bollide;Bollide;Bollide;Bollide;Bollide;Bollide;Bollide;Bollide;Bollide;Bollide;Bollide;Bollide;Bollide;Bollide;Bollide;Bollide;Bollide;Bollide;Bollide;Bollide;Bollide;Bollide;Bollide;Bollide;Bollide;Bollide;Bollide;Bollide;Bollide;Bollide;Bollide;Bollide;Bollide;Bollide;Bollide;Bollide;Beuler;Beuler;Beuler;Beuler;Beuler;Beuler;Beuler;Beuler;Beuler;Beuler;Cwb10;Cwb10;Cwb10;Cwb10;Cwb10;Cwb10;Cwb10;Cwb10;Cwb10;Cwb10;Cwb10;Cwb10;Cwb10;Cwb10;Cwb10;Cwb10;Cwb10;Cwb10;Cwb10;Cwb10;Cwb10;Cwb10;Cwb10;Cwb10;Cwb10;Cwb10;Cwb10;Cwb10;Cwb10;Cwb10;Cwb10;Cwb10;Cwb10;Cwb10;Cwb10;Cwb10;Cwb10;Cwb10;Cwb10;Cwb10;Cwb10;Cwb10;Cwb10;Cwb10;Cwb10;Cwb10
53,Gladiator,Sabre,,165,170,5,0,0,0,0,true,Upgrade - Gladiator to Sabre Standard Edition,Foranid;Foranid;Foranid;Foranid;Foranid;Foranid;Foranid;Foranid;Foranid;Foranid;Foranid;Foranid;Foranid;Foranid;Foranid;Foranid;Foranid;Foranid;Foranid;Foranid;Foranid;Foranid;Foranid;Foranid;Foranid;Bollide;Bollide;Bollide;Bollide;Bollide;Bollide;Bollide;Bollide;Bollide;Bollide;Bollide;Bollide;Beuler;Beuler;Beuler;Beuler;Beuler;Beuler;Beuler;Cwb10;Cwb10;Cwb10;Cwb10;Cwb10;Cwb10;Cwb10;Cwb10;Cwb10
42,F7C-M Super Hornet,Sabre Comet,,180,185,5,0,0,0,0,true,Upgrade - F7C-M Super Hornet to Sabre Comet Standard Edition,Foranid;Foranid;Foranid;Foranid;Foranid;Foranid;Foranid;Cwb10;Cwb10;Cwb10;Cwb10;Cwb10;Cwb10;Cwb10;Cwb10;Cwb10;Cwb10;Cwb10;Cwb10;Cwb10;Cwb10;Cwb10;Cwb10;Cwb10;Cwb10;Cwb10;Cwb10;Cwb10;Cwb10;Cwb10;Cwb10;Cwb10;Cwb10;Cwb10;Cwb10;Cwb10;Cwb10;Cwb10;Cwb10;Cwb10;Cwb10;Cwb10
5,Sabre,Sabre Comet,,170,185,15,0,0,0,0,true,Upgrade - Sabre to Sabre Comet Standard Edition,Foranid;Foranid;Foranid;Foranid;Foranid
5,Cutlass Blue,Sabre Comet,,175,185,10,0,0,0,0,true,Upgrade - Cutlass Blue to Sabre Comet Standard Edition,Foranid;Foranid;Foranid;Foranid;Foranid
25,Prospector,Sabre Comet,,155,185,30,0,0,0,0,true,Upgrade - Prospector to Sabre Comet Standard Edition,Bollide;Bollide;Bollide;Bollide;Bollide;Bollide;Bollide;Bollide;Bollide;Bollide;Beuler;Beuler;Beuler;Beuler;Beuler;Beuler;Beuler;Beuler;Beuler;Beuler;Cwb10;Cwb10;Cwb10;Cwb10;Cwb10
11,Hurricane,San'tok.yi,,195,220,25,0,0,0,0,true,Upgrade - Hurricane to San'tok.yi Standard Edition,Foranid;Foranid;Foranid;Foranid;Foranid;Foranid;Foranid;Foranid;Foranid;Foranid;Foranid
11,Vulcan,San'tok.yi,,200,220,20,0,0,0,0,true,Upgrade - Vulcan to San'tok.yi Standard Edition,Foranid;Foranid;Foranid;Foranid;Foranid;Bollide;Beuler;Beuler;Beuler;Beuler;Beuler
2,Sabre,San'tok.yi,,170,220,50,0,0,0,0,true,Upgrade - Sabre to San'tok.yi,Foranid;Foranid
38,Vulcan,Scorpius,,200,240,40,0,0,0,0,true,Upgrade - Vulcan to RSI Scorpius Standard Edition,Bollide;Bollide;Bollide;Bollide;Bollide;Bollide;Bollide;Bollide;Bollide;Bollide;Bollide;Bollide;Bollide;Bollide;Bollide;Bollide;Bollide;Bollide;Bollide;Bollide;Bollide;Bollide;Bollide;Bollide;Bollide;Bollide;Bollide;Bollide;Bollide;Bollide;Beuler;Beuler;Beuler;Beuler;Beuler;Beuler;Beuler;Beuler
24,Hurricane,Scorpius,,195,240,45,0,0,0,0,true,Upgrade - Hurricane to RSI Scorpius Standard Edition,Bollide;Bollide;Bollide;Bollide;Bollide;Bollide;Bollide;Bollide;Bollide;Bollide;Bollide;Bollide;Bollide;Bollide;Bollide;Bollide;Bollide;Bollide;Bollide;Bollide;Beuler;Beuler;Beuler;Beuler
5,Prospector,Scorpius,,155,240,85,0,0,0,0,true,Upgrade - Prospector to RSI Scorpius Standard Edition,Bollide;Bollide;Bollide;Bollide;Bollide
5,Terrapin,Scorpius,,220,240,20,0,0,0,0,true,Upgrade - Terrapin to Scorpius Standard Edition,Cwb10;Cwb10;Cwb10;Cwb10;Cwb10
10,Vanguard Hoplite,Scorpius,,235,240,5,0,0,0,0,true,Upgrade - Vanguard Hoplite to Scorpius Standard Edition,Cwb10;Cwb10;Cwb10;Cwb10;Cwb10;Cwb10;Cwb10;Cwb10;Cwb10;Cwb10
5,Cutlass Steel,Scorpius,,235,240,5,0,0,0,0,true,Upgrade - Cutlass Steel to Scorpius Standard Edition,Cwb10;Cwb10;Cwb10;Cwb10;Cwb10
15,Arrow,Spartan,,75,80,5,0,0,0,0,true,Upgrade - Arrow to Spartan Standard Edition,Cwb10;Cwb10;Cwb10;Cwb10;Cwb10;Cwb10;Cwb10;Cwb10;Cwb10;Cwb10;Cwb10;Cwb10;Cwb10;Cwb10;Cwb10
23,Ballista,SRV,,140,150,10,0,0,0,0,true,Upgrade - Anvil Ballista  to SRV Standard Edition,Bollide;Bollide;Bollide;Bollide;Bollide;Beuler;Cwb10;Cwb10;Cwb10;Cwb10;Cwb10;Cwb10;Cwb10;Cwb10;Cwb10;Cwb10;Cwb10;Cwb10;Cwb10;Cwb10;Cwb10;Cwb10;Cwb10
5,Vanguard Harbinger,Starfarer,,290,300,10,0,0,0,0,true,Upgrade - Vanguard Harbinger to Starfarer Standard Edition,Cwb10;Cwb10;Cwb10;Cwb10;Cwb10
49,Caterpillar,Starfarer Gemini,,330,340,10,0,0,0,0,true,Upgrade - Caterpillar to Starfarer Gemini Standard Edition,Foranid;Foranid;Foranid;Foranid;Foranid;Foranid;Foranid;Foranid;Foranid;Bollide;Bollide;Bollide;Bollide;Bollide;Bollide;Bollide;Bollide;Bollide;Bollide;Bollide;Bollide;Bollide;Bollide;Bollide;Bollide;Bollide;Bollide;Bollide;Bollide;Bollide;Bollide;Bollide;Bollide;Bollide;Bollide;Bollide;Bollide;Bollide;Bollide;Bollide;Bollide;Bollide;Bollide;Bollide;Cwb10;Cwb10;Cwb10;Cwb10;Cwb10
26,Redeemer,Starfarer Gemini,,325,340,15,0,0,0,0,true,Upgrade - Redeemer to Starfarer Gemini Standard Edition,Foranid;Foranid;Foranid;Foranid;Bollide;Bollide;Bollide;Bollide;Bollide;Bollide;Bollide;Bollide;Bollide;Bollide;Beuler;Beuler;Beuler;Beuler;Beuler;Beuler;Beuler;Beuler;Beuler;Beuler;Beuler;Beuler
104,MOLE,Starfarer Gemini,,315,340,25,0,0,0,0,true,Upgrade - Argo Mole to Starfarer Gemini Standard Edition,Foranid;Foranid;Foranid;Foranid;Foranid;Foranid;Foranid;Foranid;Foranid;Foranid;Foranid;Foranid;Foranid;Foranid;Foranid;Foranid;Foranid;Foranid;Foranid;Foranid;Foranid;Foranid;Foranid;Foranid;Foranid;Foranid;Foranid;Foranid;Foranid;Foranid;Bollide;Bollide;Bollide;Bollide;Bollide;Bollide;Bollide;Bollide;Bollide;Bollide;Bollide;Bollide;Bollide;Bollide;Beuler;Beuler;Beuler;Beuler;Beuler;Beuler;Beuler;Beuler;Beuler;Beuler;Beuler;Beuler;Beuler;Beuler;Beuler;Beuler;Beuler;Beuler;Beuler;Beuler;Beuler;Beuler;Beuler;Beuler;Beuler;Beuler;Beuler;Beuler;Beuler;Beuler;Beuler;Beuler;Beuler;Beuler;Beuler;Beuler;Beuler;Beuler;Beuler;Beuler;Beuler;Beuler;Beuler;Beuler;Beuler;Beuler;Beuler;Beuler;Beuler;Beuler;Beuler;Beuler;Beuler;Beuler;Beuler;Cwb10;Cwb10;Cwb10;Cwb10;Cwb10
22,Gladius,Talon,,90,115,25,0,0,0,0,true,Upgrade - Gladius to Esperia Talon Standard Edition,Foranid;Foranid;Foranid;Foranid;Foranid;Foranid;Foranid;Foranid;Foranid;Foranid;Foranid;Foranid;Foranid;Foranid;Foranid;Foranid;Foranid;Foranid;Foranid;Foranid;Foranid;Foranid
35,Freelancer,Talon,,110,115,5,0,0,0,0,true,Upgrade - Freelancer to Talon Standard Edition,Beuler;Beuler;Beuler;Beuler;Beuler;Cwb10;Cwb10;Cwb10;Cwb10;Cwb10;Cwb10;Cwb10;Cwb10;Cwb10;Cwb10;Cwb10;Cwb10;Cwb10;Cwb10;Cwb10;Cwb10;Cwb10;Cwb10;Cwb10;Cwb10;Cwb10;Cwb10;Cwb10;Cwb10;Cwb10;Cwb10;Cwb10;Cwb10;Cwb10;Cwb10
20,Gladius,Talon Shrike,,90,115,25,0,0,0,0,true,Upgrade - Gladius to Esperia Talon Shrike Standard Edition,Foranid;Foranid;Foranid;Foranid;Foranid;Foranid;Foranid;Foranid;Foranid;Foranid;Foranid;Foranid;Foranid;Foranid;Foranid;Foranid;Foranid;Foranid;Foranid;Foranid
30,Freelancer,Talon Shrike,,110,115,5,0,0,0,0,true,Upgrade - Freelancer to Talon Shrike Standard Edition,Bollide;Bollide;Bollide;Cwb10;Cwb10;Cwb10;Cwb10;Cwb10;Cwb10;Cwb10;Cwb10;Cwb10;Cwb10;Cwb10;Cwb10;Cwb10;Cwb10;Cwb10;Cwb10;Cwb10;Cwb10;Cwb10;Cwb10;Cwb10;Cwb10;Cwb10;Cwb10;Cwb10;Cwb10;Cwb10
5,F7C Hornet,Talon Shrike,,110,115,5,0,0,0,0,true,Upgrade - F7C Hornet to Esperia Talon Shrike Standard Edition,Bollide;Bollide;Bollide;Bollide;Bollide
71,Vulcan,Terrapin,,200,220,20,0,0,0,0,true,Upgrade - Vulcan to Terrapin Standard Edition,Foranid;Bollide;Bollide;Bollide;Bollide;Bollide;Bollide;Bollide;Bollide;Bollide;Bollide;Bollide;Bollide;Bollide;Bollide;Bollide;Bollide;Bollide;Bollide;Bollide;Bollide;Bollide;Bollide;Bollide;Bollide;Beuler;Beuler;Beuler;Beuler;Beuler;Beuler;Beuler;Beuler;Beuler;Beuler;Beuler;Beuler;Beuler;Beuler;Beuler;Beuler;Beuler;Beuler;Beuler;Beuler;Beuler;Beuler;Beuler;Beuler;Beuler;Cwb10;Cwb10;Cwb10;Cwb10;Cwb10;Cwb10;Cwb10;Cwb10;Cwb10;Cwb10;Cwb10;Cwb10;Cwb10;Cwb10;Cwb10;Cwb10;Cwb10;Cwb10;Cwb10;Cwb10;Cwb10
4,F7C-M Super Hornet,Terrapin,,180,220,40,0,0,0,0,true,Upgrade - F7C-M Super Hornet to Terrapin Standard Edition,Foranid;Foranid;Foranid;Foranid
77,Hurricane,Terrapin,,195,220,25,0,0,0,0,true,Upgrade - Hurricane to Terrapin Standard Edition,Bollide;Bollide;Bollide;Bollide;Bollide;Bollide;Bollide;Bollide;Bollide;Bollide;Bollide;Bollide;Beuler;Beuler;Beuler;Beuler;Beuler;Beuler;Beuler;Beuler;Beuler;Beuler;Beuler;Beuler;Beuler;Beuler;Beuler;Beuler;Beuler;Beuler;Beuler;Beuler;Cwb10;Cwb10;Cwb10;Cwb10;Cwb10;Cwb10;Cwb10;Cwb10;Cwb10;Cwb10;Cwb10;Cwb10;Cwb10;Cwb10;Cwb10;Cwb10;Cwb10;Cwb10;Cwb10;Cwb10;Cwb10;Cwb10;Cwb10;Cwb10;Cwb10;Cwb10;Cwb10;Cwb10;Cwb10;Cwb10;Cwb10;Cwb10;Cwb10;Cwb10;Cwb10;Cwb10;Cwb10;Cwb10;Cwb10;Cwb10;Cwb10;Cwb10;Cwb10;Cwb10;Cwb10
13,Constellation Taurus,Terrapin,,190,220,30,0,0,0,0,true,Upgrade - Constellation Taurus to Terrapin Standard Edition,Cwb10;Cwb10;Cwb10;Cwb10;Cwb10;Cwb10;Cwb10;Cwb10;Cwb10;Cwb10;Cwb10;Cwb10;Cwb10
22,Starfarer Gemini,Valkyrie,,340,375,35,0,0,0,0,true,Upgrade - Starfarer Gemini to Valkyrie Standard Edition,Foranid;Foranid;Foranid;Bollide;Bollide;Bollide;Bollide;Bollide;Beuler;Beuler;Beuler;Beuler;Beuler;Beuler;Beuler;Beuler;Beuler;Cwb10;Cwb10;Cwb10;Cwb10;Cwb10
50,Crucible,Valkyrie,,350,375,25,0,0,0,0,true,Upgrade - Crucible to Valkyrie Standard Edition,Foranid;Foranid;Foranid;Foranid;Foranid;Cwb10;Cwb10;Cwb10;Cwb10;Cwb10;Cwb10;Cwb10;Cwb10;Cwb10;Cwb10;Cwb10;Cwb10;Cwb10;Cwb10;Cwb10;Cwb10;Cwb10;Cwb10;Cwb10;Cwb10;Cwb10;Cwb10;Cwb10;Cwb10;Cwb10;Cwb10;Cwb10;Cwb10;Cwb10;Cwb10;Cwb10;Cwb10;Cwb10;Cwb10;Cwb10;Cwb10;Cwb10;Cwb10;Cwb10;Cwb10;Cwb10;Cwb10;Cwb10;Cwb10;Cwb10
10,MOLE,Valkyrie,,315,375,60,0,0,0,0,true,Upgrade - Argo Mole to Valkyrie Standard Edition,Foranid;Foranid;Foranid;Foranid;Foranid;Foranid;Foranid;Foranid;Foranid;Foranid
2,Constellation Aquila,Valkyrie,,310,375,65,0,0,0,0,true,Upgrade - Constellation Aquila to Valkyrie,Foranid;Foranid
5,Endeavor,Valkyrie,,350,375,25,0,0,0,0,true,Upgrade - Endeavor to Valkyrie Standard Edition,Bollide;Bollide;Bollide;Bollide;Bollide
10,Redeemer,Valkyrie,,325,375,50,0,0,0,0,true,Upgrade - Redeemer to Valkyrie Standard Edition,Beuler;Beuler;Beuler;Beuler;Beuler;Beuler;Beuler;Beuler;Beuler;Cwb10
10,Hull C,Valkyrie,,350,375,25,0,0,0,0,true,Upgrade - Hull C to Valkyrie Standard Edition,Beuler;Beuler;Beuler;Beuler;Beuler;Beuler;Beuler;Beuler;Beuler;Beuler
55,Vanguard Sentinel,Vanguard Harbinger,,275,290,15,0,0,0,0,true,Upgrade - Vanguard Sentinel to Vanguard Harbinger Standard Edition,Foranid;Foranid;Foranid;Foranid;Foranid;Foranid;Foranid;Bollide;Bollide;Bollide;Bollide;Bollide;Cwb10;Cwb10;Cwb10;Cwb10;Cwb10;Cwb10;Cwb10;Cwb10;Cwb10;Cwb10;Cwb10;Cwb10;Cwb10;Cwb10;Cwb10;Cwb10;Cwb10;Cwb10;Cwb10;Cwb10;Cwb10;Cwb10;Cwb10;Cwb10;Cwb10;Cwb10;Cwb10;Cwb10;Cwb10;Cwb10;Cwb10;Cwb10;Cwb10;Cwb10;Cwb10;Cwb10;Cwb10;Cwb10;Cwb10;Cwb10;Cwb10;Cwb10;Cwb10
8,Mercury,Vanguard Harbinger,,260,290,30,0,0,0,0,true,Upgrade - Mercury Star Runner to Vanguard Harbinger Standard Edition,Foranid;Foranid;Foranid;Bollide;Bollide;Bollide;Bollide;Bollide
35,Retaliator Bomber,Vanguard Harbinger,,275,290,15,0,0,0,0,true,Upgrade - Retaliator Bomber to Vanguard Harbinger Standard Edition,Bollide;Bollide;Bollide;Bollide;Bollide;Bollide;Bollide;Bollide;Bollide;Bollide;Bollide;Bollide;Cwb10;Cwb10;Cwb10;Cwb10;Cwb10;Cwb10;Cwb10;Cwb10;Cwb10;Cwb10;Cwb10;Cwb10;Cwb10;Cwb10;Cwb10;Cwb10;Cwb10;Cwb10;Cwb10;Cwb10;Cwb10;Cwb10;Cwb10
4,Apollo Medivac,Vanguard Harbinger,,275,290,15,0,0,0,0,true,Upgrade - Apollo Medivac to Vanguard Harbinger Standard Edition,Bollide;Bollide;Bollide;Bollide
5,Ares Inferno,Vanguard Harbinger,,250,290,40,0,0,0,0,true,Upgrade - Ares Inferno  to Vanguard Harbinger Standard Edition,Cwb10;Cwb10;Cwb10;Cwb10;Cwb10
5,Vanguard Warden,Vanguard Harbinger,,260,290,30,0,0,0,0,true,Upgrade - Vanguard Warden to Vanguard Harbinger Standard Edition,Cwb10;Cwb10;Cwb10;Cwb10;Cwb10
1,Constellation Taurus,Vanguard Hoplite,,190,235,45,0,0,0,0,true,Upgrade - Constellation Taurus to Vanguard Hoplite Standard Edition,Bollide
2,Railen,Vanguard Hoplite,,225,235,10,0,0,0,0,true,Upgrade - Railen to Vanguard Hoplite Standard Edition,Bollide;Bollide
42,Terrapin,Vanguard Hoplite,,220,235,15,0,0,0,0,true,Upgrade - Terrapin to Vanguard Hoplite Standard Edition,Bollide;Bollide;Bollide;Bollide;Bollide;Cwb10;Cwb10;Cwb10;Cwb10;Cwb10;Cwb10;Cwb10;Cwb10;Cwb10;Cwb10;Cwb10;Cwb10;Cwb10;Cwb10;Cwb10;Cwb10;Cwb10;Cwb10;Cwb10;Cwb10;Cwb10;Cwb10;Cwb10;Cwb10;Cwb10;Cwb10;Cwb10;Cwb10;Cwb10;Cwb10;Cwb10;Cwb10;Cwb10;Cwb10;Cwb10;Cwb10;Cwb10
73,Mercury,Vanguard Sentinel,,260,275,15,0,0,0,0,true,Upgrade - Mercury Star Runner to Vanguard Sentinel Standard Edition,Foranid;Foranid;Foranid;Foranid;Foranid;Foranid;Foranid;Foranid;Foranid;Foranid;Foranid;Foranid;Foranid;Foranid;Foranid;Foranid;Foranid;Foranid;Foranid;Foranid;Foranid;Bollide;Bollide;Bollide;Bollide;Bollide;Bollide;Bollide;Bollide;Bollide;Bollide;Bollide;Bollide;Bollide;Bollide;Bollide;Bollide;Bollide;Bollide;Bollide;Bollide;Bollide;Bollide;Bollide;Bollide;Bollide;Bollide;Bollide;Bollide;Bollide;Bollide;Bollide;Bollide;Bollide;Bollide;Bollide;Bollide;Bollide;Bollide;Bollide;Bollide;Beuler;Beuler;Beuler;Beuler;Beuler;Beuler;Beuler;Beuler;Beuler;Beuler;Beuler;Beuler
80,Vanguard Warden,Vanguard Sentinel,,260,275,15,0,0,0,0,true,Upgrade - Vanguard Warden to Vanguard Sentinel Standard Edition,Foranid;Foranid;Foranid;Foranid;Foranid;Bollide;Bollide;Bollide;Bollide;Bollide;Bollide;Bollide;Bollide;Bollide;Bollide;Bollide;Bollide;Bollide;Bollide;Bollide;Bollide;Bollide;Bollide;Bollide;Bollide;Bollide;Bollide;Cwb10;Cwb10;Cwb10;Cwb10;Cwb10;Cwb10;Cwb10;Cwb10;Cwb10;Cwb10;Cwb10;Cwb10;Cwb10;Cwb10;Cwb10;Cwb10;Cwb10;Cwb10;Cwb10;Cwb10;Cwb10;Cwb10;Cwb10;Cwb10;Cwb10;Cwb10;Cwb10;Cwb10;Cwb10;Cwb10;Cwb10;Cwb10;Cwb10;Cwb10;Cwb10;Cwb10;Cwb10;Cwb10;Cwb10;Cwb10;Cwb10;Cwb10;Cwb10;Cwb10;Cwb10;Cwb10;Cwb10;Cwb10;Cwb10;Cwb10;Cwb10;Cwb10;Cwb10
6,Constellation Andromeda,Vanguard Sentinel,,240,275,35,0,0,0,0,true,Upgrade - Constellation Andromeda to Vanguard Sentinel Standard Edition,Foranid;Foranid;Foranid;Foranid;Foranid;Cwb10
10,Ares Inferno,Vanguard Sentinel,,250,275,25,0,0,0,0,true,Upgrade - Ares Inferno  to Vanguard Sentinel Standard Edition,Cwb10;Cwb10;Cwb10;Cwb10;Cwb10;Cwb10;Cwb10;Cwb10;Cwb10;Cwb10
69,Constellation Andromeda,Vanguard Warden,,240,260,20,0,0,0,0,true,Upgrade - Constellation Andromeda to Vanguard Warden Standard Edition,Foranid;Foranid;Foranid;Foranid;Foranid;Foranid;Foranid;Foranid;Foranid;Foranid;Foranid;Foranid;Foranid;Foranid;Foranid;Foranid;Foranid;Foranid;Foranid;Foranid;Foranid;Foranid;Foranid;Foranid;Foranid;Foranid;Foranid;Foranid;Foranid;Foranid;Foranid;Foranid;Foranid;Foranid;Foranid;Foranid;Foranid;Foranid;Foranid;Foranid;Bollide;Bollide;Bollide;Bollide;Bollide;Bollide;Bollide;Bollide;Bollide;Bollide;Bollide;Bollide;Bollide;Bollide;Bollide;Beuler;Beuler;Beuler;Beuler;Cwb10;Cwb10;Cwb10;Cwb10;Cwb10;Cwb10;Cwb10;Cwb10;Cwb10;Cwb10
7,Vanguard Hoplite,Vanguard Warden,,235,260,25,0,0,0,0,true,Upgrade - Vanguard Hoplite to Vanguard Warden Standard Edition,Foranid;Foranid;Foranid;Foranid;Foranid;Foranid;Foranid
158,Ares Inferno,Vanguard Warden,,250,260,10,0,0,0,0,true,Upgrade - Ares Inferno  to Vanguard Warden Standard Edition,Bollide;Bollide;Bollide;Bollide;Bollide;Bollide;Bollide;Bollide;Bollide;Bollide;Bollide;Bollide;Bollide;Beuler;Beuler;Beuler;Beuler;Beuler;Beuler;Beuler;Beuler;Beuler;Beuler;Beuler;Beuler;Beuler;Beuler;Beuler;Beuler;Beuler;Beuler;Beuler;Beuler;Beuler;Beuler;Beuler;Beuler;Beuler;Beuler;Beuler;Beuler;Cwb10;Cwb10;Cwb10;Cwb10;Cwb10;Cwb10;Cwb10;Cwb10;Cwb10;Cwb10;Cwb10;Cwb10;Cwb10;Cwb10;Cwb10;Cwb10;Cwb10;Cwb10;Cwb10;Cwb10;Cwb10;Cwb10;Cwb10;Cwb10;Cwb10;Cwb10;Cwb10;Cwb10;Cwb10;Cwb10;Cwb10;Cwb10;Cwb10;Cwb10;Cwb10;Cwb10;Cwb10;Cwb10;Cwb10;Cwb10;Cwb10;Cwb10;Cwb10;Cwb10;Cwb10;Cwb10;Cwb10;Cwb10;Cwb10;Cwb10;Cwb10;Cwb10;Cwb10;Cwb10;Cwb10;Cwb10;Cwb10;Cwb10;Cwb10;Cwb10;Cwb10;Cwb10;Cwb10;Cwb10;Cwb10;Cwb10;Cwb10;Cwb10;Cwb10;Cwb10;Cwb10;Cwb10;Cwb10;Cwb10;Cwb10;Cwb10;Cwb10;Cwb10;Cwb10;Cwb10;Cwb10;Cwb10;Cwb10;Cwb10;Cwb10;Cwb10;Cwb10;Cwb10;Cwb10;Cwb10;Cwb10;Cwb10;Cwb10;Cwb10;Cwb10;Cwb10;Cwb10;Cwb10;Cwb10;Cwb10;Cwb10;Cwb10;Cwb10;Cwb10;Cwb10;Cwb10;Cwb10;Cwb10;Cwb10;Cwb10;Cwb10;Cwb10;Cwb10;Cwb10;Cwb10;Cwb10;Cwb10
5,400i,Vanguard Warden,,250,260,10,0,0,0,0,true,Upgrade - 400i to Vanguard Warden Standard Edition,Cwb10;Cwb10;Cwb10;Cwb10;Cwb10
5,Ares Ion,Vanguard Warden,,250,260,10,0,0,0,0,true,Upgrade - Ares Ion to Vanguard Warden Standard Edition,Cwb10;Cwb10;Cwb10;Cwb10;Cwb10
178,Hurricane,Vulcan,,195,200,5,0,0,0,0,true,Upgrade - Hurricane to Vulcan Standard Edition,Foranid;Foranid;Foranid;Foranid;Foranid;Foranid;Foranid;Foranid;Foranid;Foranid;Foranid;Foranid;Foranid;Foranid;Foranid;Foranid;Foranid;Foranid;Foranid;Foranid;Foranid;Foranid;Foranid;Foranid;Foranid;Foranid;Foranid;Bollide;Bollide;Bollide;Bollide;Bollide;Bollide;Bollide;Bollide;Bollide;Bollide;Bollide;Bollide;Bollide;Bollide;Bollide;Bollide;Bollide;Bollide;Bollide;Bollide;Bollide;Bollide;Bollide;Bollide;Bollide;Bollide;Bollide;Bollide;Bollide;Bollide;Bollide;Bollide;Bollide;Bollide;Bollide;Bollide;Bollide;Bollide;Bollide;Bollide;Beuler;Beuler;Beuler;Beuler;Beuler;Beuler;Beuler;Beuler;Beuler;Beuler;Beuler;Beuler;Beuler;Beuler;Beuler;Beuler;Beuler;Beuler;Beuler;Beuler;Beuler;Beuler;Beuler;Beuler;Beuler;Beuler;Beuler;Beuler;Cwb10;Cwb10;Cwb10;Cwb10;Cwb10;Cwb10;Cwb10;Cwb10;Cwb10;Cwb10;Cwb10;Cwb10;Cwb10;Cwb10;Cwb10;Cwb10;Cwb10;Cwb10;Cwb10;Cwb10;Cwb10;Cwb10;Cwb10;Cwb10;Cwb10;Cwb10;Cwb10;Cwb10;Cwb10;Cwb10;Cwb10;Cwb10;Cwb10;Cwb10;Cwb10;Cwb10;Cwb10;Cwb10;Cwb10;Cwb10;Cwb10;Cwb10;Cwb10;Cwb10;Cwb10;Cwb10;Cwb10;Cwb10;Cwb10;Cwb10;Cwb10;Cwb10;Cwb10;Cwb10;Cwb10;Cwb10;Cwb10;Cwb10;Cwb10;Cwb10;Cwb10;Cwb10;Cwb10;Cwb10;Cwb10;Cwb10;Cwb10;Cwb10;Cwb10;Cwb10;Cwb10;Cwb10;Cwb10;Cwb10;Cwb10;Cwb10;Cwb10;Cwb10;Cwb10;Cwb10;Cwb10;Cwb10;Cwb10
2,Sabre Comet,Vulcan,,185,200,15,0,0,0,0,true,Upgrade - Sabre Comet to Vulcan,Foranid;Foranid
70,Prospector,Vulcan,,155,200,45,0,0,0,0,true,Upgrade - Prospector to Vulcan Standard Edition,Bollide;Bollide;Bollide;Bollide;Bollide;Bollide;Bollide;Bollide;Bollide;Bollide;Bollide;Bollide;Bollide;Bollide;Bollide;Bollide;Bollide;Bollide;Bollide;Bollide;Bollide;Bollide;Bollide;Bollide;Bollide;Bollide;Bollide;Bollide;Bollide;Bollide;Bollide;Bollide;Bollide;Bollide;Bollide;Bollide;Bollide;Bollide;Bollide;Bollide;Beuler;Beuler;Beuler;Beuler;Beuler;Beuler;Beuler;Beuler;Beuler;Beuler;Beuler;Beuler;Beuler;Beuler;Beuler;Beuler;Beuler;Beuler;Beuler;Beuler;Beuler;Beuler;Beuler;Beuler;Beuler;Beuler;Beuler;Beuler;Beuler;Beuler
11,F7C-M Super Hornet,Vulcan,,180,200,20,0,0,0,0,true,Upgrade - F7C-M Super Hornet to Vulcan Standard Edition,Beuler;Beuler;Beuler;Beuler;Beuler;Beuler;Beuler;Beuler;Beuler;Beuler;Beuler
1,Gladius,Vulcan,,90,200,110,0,0,0,0,true,Upgrade - Gladius to Vulcan Standard Edition,Cwb10
14,Constellation Taurus,Vulcan,,190,200,10,0,0,0,0,true,Upgrade - Constellation Taurus to Vulcan Standard Edition,Cwb10;Cwb10;Cwb10;Cwb10;Cwb10;Cwb10;Cwb10;Cwb10;Cwb10;Cwb10;Cwb10;Cwb10;Cwb10;Cwb10
98,Cutlass Red,Vulture,,135,140,5,0,0,0,0,true,Upgrade - Cutlass Red to Vulture Standard Edition,Foranid;Foranid;Foranid;Foranid;Foranid;Foranid;Foranid;Foranid;Foranid;Foranid;Foranid;Foranid;Foranid;Foranid;Cwb10;Cwb10;Cwb10;Cwb10;Cwb10;Cwb10;Cwb10;Cwb10;Cwb10;Cwb10;Cwb10;Cwb10;Cwb10;Cwb10;Cwb10;Cwb10;Cwb10;Cwb10;Cwb10;Cwb10;Cwb10;Cwb10;Cwb10;Cwb10;Cwb10;Cwb10;Cwb10;Cwb10;Cwb10;Cwb10;Cwb10;Cwb10;Cwb10;Cwb10;Cwb10;Cwb10;Cwb10;Cwb10;Cwb10;Cwb10;Cwb10;Cwb10;Cwb10;Cwb10;Cwb10;Cwb10;Cwb10;Cwb10;Cwb10;Cwb10;Cwb10;Cwb10;Cwb10;Cwb10;Cwb10;Cwb10;Cwb10;Cwb10;Cwb10;Cwb10;Cwb10;Cwb10;Cwb10;Cwb10;Cwb10;Cwb10;Cwb10;Cwb10;Cwb10;Cwb10;Cwb10;Cwb10;Cwb10;Cwb10;Cwb10;Cwb10;Cwb10;Cwb10;Cwb10;Cwb10;Cwb10;Cwb10;Cwb10;Cwb10
